date,close,high,low,open,volume,adjClose,adjHigh,adjLow,adjOpen,adjVolume,divCash,splitFactor
2018-01-02 00:00:00+00:00,268.77,268.81,267.4,267.84,86655749,256.1160721158,256.1541888807,254.8105729202,255.2298573334,86655749,0.0,1.0
2018-01-03 00:00:00+00:00,270.47,270.64,268.96,268.96,90070416,257.7360346213,257.8980308718,256.2971267488,256.2971267488,90070416,0.0,1.0
2018-01-04 00:00:00+00:00,271.61,272.16,270.54,271.2,80636408,258.8223624191,259.3464679356,257.8027389598,258.4316655795,80636408,0.0,1.0
2018-01-05 00:00:00+00:00,273.42,273.56,271.95,272.51,83523995,260.5471460279,260.6805547048,259.1463549202,259.6799896279,83523995,0.0,1.0
2018-01-08 00:00:00+00:00,273.92,274.1,272.98,273.31,57319192,261.0236055883,261.19513103,260.1278616147,260.4423249246,57319192,0.0,1.0
2018-01-09 00:00:00+00:00,274.54,275.25,274.08,274.4,57253957,261.6144154432,262.290988019,261.1760726476,261.4810067663,57253957,0.0,1.0
2018-01-10 00:00:00+00:00,274.12,274.42,272.92,273.68,69574318,261.2141894125,261.5000651487,260.0706864674,260.7949049993,69574318,0.0,1.0
2018-01-11 00:00:00+00:00,276.12,276.12,274.56,274.75,62361455,263.1200276542,263.1200276542,261.6334738256,261.8145284586,62361455,0.0,1.0
2018-01-12 00:00:00+00:00,277.92,278.11,276.08,276.42,90816076,264.8352820718,265.0163367047,263.0819108894,263.4059033905,90816076,0.0,1.0
2018-01-16 00:00:00+00:00,276.97,280.09,276.18,279.35,106555142,263.9300089069,266.903116564,263.1772028015,266.1979564146,106555142,0.0,1.0
2018-01-17 00:00:00+00:00,279.61,280.05,276.97,278.03,113258799,266.445715386,266.8649997992,263.9300089069,264.9401031751,113258799,0.0,1.0
2018-01-18 00:00:00+00:00,279.14,279.96,278.58,279.48,100728006,265.9978433992,266.7792370783,265.4642086915,266.3218359003,100728006,0.0,1.0
2018-01-19 00:00:00+00:00,280.41,280.41,279.14,279.8,140920098,267.2080506827,267.2080506827,265.9978433992,266.626770019,140920098,0.0,1.0
2018-01-22 00:00:00+00:00,282.69,282.69,280.11,280.17,91322408,269.3807062783,269.3807062783,266.9221749465,266.9793500937,91322408,0.0,1.0
2018-01-23 00:00:00+00:00,283.29,283.62,282.37,282.74,97084700,269.9524577508,270.2669210607,269.0757721596,269.4283522343,97084700,0.0,1.0
2018-01-24 00:00:00+00:00,283.18,284.7,281.84,284.02,134816117,269.8476366475,271.2960737113,268.5707250256,270.6480887091,134816117,0.0,1.0
2018-01-25 00:00:00+00:00,283.3,284.27,282.4,284.16,84587313,269.961986942,270.8863184893,269.1043597333,270.781497386,84587313,0.0,1.0
2018-01-26 00:00:00+00:00,286.58,286.63,283.96,284.25,107743119,273.0875616585,273.1352076145,270.5909135618,270.8672601069,107743119,0.0,1.0
2018-01-29 00:00:00+00:00,284.68,286.43,284.5,285.93,90118337,271.2770153288,272.9446237904,271.1054898871,272.4681642299,90118337,0.0,1.0
2018-01-30 00:00:00+00:00,281.76,284.74,281.22,282.6,131796419,268.4944914959,271.3341904761,267.9799151706,269.2949435574,131796419,0.0,1.0
2018-01-31 00:00:00+00:00,281.9,283.3,280.68,282.73,118948131,268.6279001728,269.961986942,267.4653388454,269.4188230431,118948131,0.0,1.0
2018-02-01 00:00:00+00:00,281.58,283.06,280.68,281.07,90102470,268.3229660541,269.733286353,267.4653388454,267.8369773025,90102470,0.0,1.0
2018-02-02 00:00:00+00:00,275.45,280.23,275.41,280.08,173174790,262.4815718432,267.036525241,262.4434550784,266.8935873728,173174790,0.0,1.0
2018-02-05 00:00:00+00:00,263.93,275.85,263.31,273.45,294681816,251.5039435708,262.8627394916,250.9131337159,260.5757336015,294681816,0.0,1.0
2018-02-06 00:00:00+00:00,269.13,269.7,258.7,259.94,355026782,256.4591229993,257.0022868982,246.5201765687,247.7017962785,355026782,0.0,1.0
2018-02-07 00:00:00+00:00,267.67,272.36,267.58,268.5,167376100,255.0678610829,259.5370517597,254.982098362,255.8587839532,167376100,0.0,1.0
2018-02-08 00:00:00+00:00,257.63,268.17,257.59,268.01,246449505,245.5005531093,255.5443206433,245.4624363445,255.391853584,246449505,0.0,1.0
2018-02-09 00:00:00+00:00,261.5,263.61,252.92,260.8,283565315,249.1883501071,251.1990094521,241.0123040501,248.5213067225,283565315,0.0,1.0
2018-02-12 00:00:00+00:00,265.34,267.01,261.66,263.83,143735976,252.8475595312,254.4389344631,249.3408171664,251.4086516587,143735976,0.0,1.0
2018-02-13 00:00:00+00:00,266.0,266.62,263.31,263.97,81223640,253.476486151,254.067296006,250.9131337159,251.5420603356,81223640,0.0,1.0
2018-02-14 00:00:00+00:00,269.59,270.0,264.3,264.31,120735685,256.8974657949,257.2881626345,251.8565236455,251.8660528367,120735685,0.0,1.0
2018-02-15 00:00:00+00:00,273.03,273.04,268.77,271.57,111200286,260.1755075707,260.1850367619,256.1160721158,258.7842456542,111200286,0.0,1.0
2018-02-16 00:00:00+00:00,273.11,275.32,272.27,272.32,160420135,260.2517411004,262.3576923575,259.4512890389,259.4989349949,160420135,0.0,1.0
2018-02-20 00:00:00+00:00,271.4,273.67,270.5,272.03,86369662,258.6222494037,260.7853758081,257.7646221949,259.2225884498,86369662,0.0,1.0
2018-02-21 00:00:00+00:00,270.05,274.72,269.94,271.9,98883740,257.3358085905,261.785940885,257.2309874872,259.0987089641,98883740,0.0,1.0
2018-02-22 00:00:00+00:00,270.4,273.05,269.64,271.1,110511290,257.6693302828,260.1945659531,256.945111751,258.3363736674,110511290,0.0,1.0
2018-02-23 00:00:00+00:00,274.71,274.71,271.25,271.79,92766428,261.7764116938,261.7764116938,258.4793115356,258.9938878608,92766428,0.0,1.0
2018-02-26 00:00:00+00:00,277.9,278.01,275.26,275.93,86491406,264.8162236893,264.9210447926,262.3005172103,262.9389730212,86491406,0.0,1.0
2018-02-27 00:00:00+00:00,274.43,278.92,274.36,278.11,99099165,261.5095943399,265.7882011926,261.4428900015,265.0163367047,99099165,0.0,1.0
2018-02-28 00:00:00+00:00,271.65,276.19,271.29,275.68,121907767,258.8604791839,263.1867319927,258.5174283004,262.700743241,121907767,0.0,1.0
2018-03-01 00:00:00+00:00,267.7,273.17,266.0,271.41,176855077,255.0964486565,260.3089162476,253.476486151,258.6317785949,176855077,0.0,1.0
2018-03-02 00:00:00+00:00,269.08,269.72,264.82,265.8,139083217,256.4114770433,257.0213452806,252.3520415884,253.2859023268,139083217,0.0,1.0
2018-03-05 00:00:00+00:00,272.19,272.89,267.61,267.73,97307387,259.3750555092,260.0420988938,255.0106859356,255.1250362301,97307387,0.0,1.0
2018-03-06 00:00:00+00:00,272.88,273.39,271.18,273.3,79213163,260.0325697026,260.5185584542,258.4126071971,260.4327957334,79213163,0.0,1.0
2018-03-07 00:00:00+00:00,272.78,273.18,270.2,270.42,87063502,259.9372777905,260.3184454388,257.4787464587,257.6883886653,87063502,0.0,1.0
2018-03-08 00:00:00+00:00,274.1,274.24,272.42,273.55,66901150,261.19513103,261.328539707,259.594226907,260.6710255136,66901150,0.0,1.0
2018-03-09 00:00:00+00:00,278.87,278.87,275.34,275.7,113625335,265.7405552366,265.7405552366,262.3767507399,262.7198016234,113625335,0.0,1.0
2018-03-12 00:00:00+00:00,278.52,279.91,278.08,279.2,71924793,265.4070335443,266.7315911223,264.9877491311,266.0550185465,71924793,0.0,1.0
2018-03-13 00:00:00+00:00,276.72,280.41,276.03,279.84,91968937,263.6917791267,267.2080506827,263.0342649333,266.6648867838,91968937,0.0,1.0
2018-03-14 00:00:00+00:00,275.3,278.02,274.67,277.81,105895079,262.3386339751,264.9305739839,261.7382949289,264.7304609685,105895079,0.0,1.0
2018-03-15 00:00:00+00:00,275.0,276.61,274.43,275.88,83433038,262.0527582388,263.5869580234,261.5095943399,262.8913270652,83433038,0.0,1.0
2018-03-16 00:00:00+00:00,274.2,275.39,274.14,274.5,100343673,262.3355655755,263.4740751417,262.2781617318,262.6225847939,100343673,1.09678,1.0
2018-03-19 00:00:00+00:00,270.49,274.4,268.62,273.35,109208442,258.7860945752,262.5269117211,256.9970081141,261.5223444569,109208442,0.0,1.0
2018-03-20 00:00:00+00:00,270.95,271.67,270.18,270.94,59757271,259.22619071,259.9150368341,258.4895080496,259.2166234027,59757271,0.0,1.0
2018-03-21 00:00:00+00:00,270.43,273.27,270.19,270.9,78709578,258.7286907315,261.4458059986,258.4990753569,259.1783541736,78709578,0.0,1.0
2018-03-22 00:00:00+00:00,263.67,268.87,263.36,267.91,148785916,252.2611910113,257.2361907961,251.9646044857,256.3177292974,148785916,0.0,1.0
2018-03-23 00:00:00+00:00,258.05,264.54,257.83,264.17,183534751,246.8843643208,253.0935467445,246.6738835607,252.7395563752,183534751,0.0,1.0
2018-03-26 00:00:00+00:00,265.11,265.43,259.41,262.13,141956102,253.6388832594,253.9450370923,248.1855181107,250.7878256904,141956102,0.0,1.0
2018-03-27 00:00:00+00:00,260.6,266.77,258.84,266.17,129941445,249.3240276768,255.2270562676,247.6401815958,254.6530178309,129941445,0.0,1.0
2018-03-28 00:00:00+00:00,259.83,262.64,258.58,260.75,146452306,248.5873450164,251.2757583616,247.3914316066,249.467537286,146452306,0.0,1.0
2018-03-29 00:00:00+00:00,263.15,265.26,259.84,261.12,124244790,251.7636910328,253.7823928686,248.5969123236,249.8215276553,124244790,0.0,1.0
2018-04-02 00:00:00+00:00,257.47,263.13,254.67,262.55,186286343,246.3294604986,251.7445564183,243.6506144607,251.1896525961,186286343,0.0,1.0
2018-04-03 00:00:00+00:00,260.77,261.31,256.84,258.87,119956861,249.4866719005,250.0033064936,245.7267201401,247.6688835176,119956861,0.0,1.0
2018-04-04 00:00:00+00:00,263.56,264.36,256.6,256.75,123715339,252.1559506312,252.9213352135,245.4971047654,245.6406143746,123715339,0.0,1.0
2018-04-05 00:00:00+00:00,265.64,266.64,264.32,265.55,82652618,254.1459505452,255.102681273,252.8830659844,254.0598447796,82652618,0.0,1.0
2018-04-06 00:00:00+00:00,259.72,265.11,258.0,263.42,179521209,248.4821046363,253.6388832594,246.8365277844,252.0220083293,179521209,0.0,1.0
2018-04-09 00:00:00+00:00,261.0,264.84,259.94,261.37,105442932,249.7067199679,253.3805659629,248.6925853964,250.0607103372,105442932,0.0,1.0
2018-04-10 00:00:00+00:00,265.15,266.04,262.98,264.27,105573736,253.6771524885,254.5286428363,251.6010468091,252.835229448,105573736,0.0,1.0
2018-04-11 00:00:00+00:00,263.76,265.64,263.39,263.47,91140243,252.3472967768,254.1459505452,251.9933064075,252.0698448657,91140243,0.0,1.0
2018-04-12 00:00:00+00:00,265.93,267.0,265.06,265.26,68890480,254.4234024562,255.447104335,253.591046723,253.7823928686,68890480,0.0,1.0
2018-04-13 00:00:00+00:00,265.15,267.54,264.01,267.41,85079176,253.6771524885,255.9637389281,252.5864794588,255.8393639334,85079176,0.0,1.0
2018-04-16 00:00:00+00:00,267.33,268.2,266.07,267.0,63405287,255.7628254752,256.5951812084,254.5573447581,255.447104335,63405287,0.0,1.0
2018-04-17 00:00:00+00:00,270.19,270.87,268.75,269.33,64682036,258.4990753569,259.1496522518,257.1213831088,257.6762869309,64682036,0.0,1.0
2018-04-18 00:00:00+00:00,270.39,271.3,269.87,270.69,57303857,258.6904215024,259.5610464648,258.1929215239,258.9774407208,57303857,0.0,1.0
2018-04-19 00:00:00+00:00,268.89,269.88,267.72,269.65,77655909,257.2553254107,258.2024888312,256.1359504591,257.9824407638,77655909,0.0,1.0
2018-04-20 00:00:00+00:00,266.61,269.06,265.61,268.81,99953133,255.0739793512,257.4179696344,254.1172486233,257.1787869524,99953133,0.0,1.0
2018-04-23 00:00:00+00:00,266.57,267.89,265.35,267.26,65557954,255.0357101221,256.2985946828,253.8684986341,255.6958543243,65557954,0.0,1.0
2018-04-24 00:00:00+00:00,262.98,267.98,261.28,267.73,112885452,251.6010468091,256.3847004483,249.9746045717,256.1455177664,112885452,0.0,1.0
2018-04-25 00:00:00+00:00,263.63,264.13,260.85,262.91,103756753,252.2229217822,252.7012871461,249.5632103588,251.5340756581,103756753,0.0,1.0
2018-04-26 00:00:00+00:00,266.31,267.25,264.29,264.79,67731942,254.7869601328,255.686287017,252.8543640626,253.3327294265,67731942,0.0,1.0
2018-04-27 00:00:00+00:00,266.56,267.34,265.5,267.0,57053647,255.0261428148,255.7723927825,254.0120082433,255.447104335,57053647,0.0,1.0
2018-04-30 00:00:00+00:00,264.51,267.89,264.43,267.26,82182324,253.0648448227,256.2985946828,252.9883063645,255.6958543243,82182324,0.0,1.0
2018-05-01 00:00:00+00:00,264.98,265.1,262.11,263.87,74203365,253.5145082648,253.6293159521,250.7686910759,252.4525371569,74203365,0.0,1.0
2018-05-02 00:00:00+00:00,263.2,265.68,262.76,264.76,86368943,251.8115275692,254.1842197743,251.390566049,253.3040275046,86368943,0.0,1.0
2018-05-03 00:00:00+00:00,262.62,263.36,259.05,262.26,136311479,251.2566237471,251.9646044857,247.8410950486,250.912200685,136311479,0.0,1.0
2018-05-04 00:00:00+00:00,266.02,266.79,261.15,261.52,91222075,254.5095082217,255.2461908822,249.8502295771,250.2042199464,91222075,0.0,1.0
2018-05-07 00:00:00+00:00,266.92,268.02,266.11,266.89,55304907,255.3705658768,256.4229696774,254.5956139872,255.341863955,55304907,0.0,1.0
2018-05-08 00:00:00+00:00,266.92,267.33,265.15,266.5,67499247,255.3705658768,255.7628254752,253.6771524885,254.9687389711,67499247,0.0,1.0
2018-05-09 00:00:00+00:00,269.5,269.87,267.09,267.68,59666143,257.8389311546,258.1929215239,255.5332101005,256.09768123,59666143,0.0,1.0
2018-05-10 00:00:00+00:00,272.02,272.39,270.22,270.34,72063931,260.2498925888,260.6038829581,258.5277772787,258.642584966,72063931,0.0,1.0
2018-05-11 00:00:00+00:00,272.85,273.15,271.58,272.16,59871511,261.0439790929,261.3309983113,259.8289310686,260.3838348907,59871511,0.0,1.0
2018-05-14 00:00:00+00:00,272.98,274.08,272.36,273.34,54790606,261.1683540875,262.2207578882,260.5751810363,261.5127771496,54790606,0.0,1.0
2018-05-15 00:00:00+00:00,271.1,271.61,270.03,271.59,87036136,259.3697003192,259.8576329904,258.3459984404,259.8384983758,87036136,0.0,1.0
2018-05-16 00:00:00+00:00,272.24,272.76,271.11,271.14,53942631,260.4603733489,260.9578733274,259.3792676265,259.4079695483,53942631,0.0,1.0
2018-05-17 00:00:00+00:00,272.01,273.23,271.13,271.94,56536400,260.2403252815,261.4075367695,259.398402241,260.1733541306,56536400,0.0,1.0
2018-05-18 00:00:00+00:00,271.33,272.03,270.93,271.62,64367959,259.5897483866,260.2594598961,259.2070560955,259.8672002977,64367959,0.0,1.0
2018-05-21 00:00:00+00:00,273.37,273.98,272.57,273.01,58025875,261.5414790714,262.1250848154,260.7760944891,261.1970560094,58025875,0.0,1.0
2018-05-22 00:00:00+00:00,272.61,274.25,272.24,273.96,52966358,260.8143637182,262.3834021119,260.4603733489,262.1059502008,52966358,0.0,1.0
2018-05-23 00:00:00+00:00,273.36,273.39,270.99,271.17,64694184,261.5319117641,261.560613686,259.2644599391,259.4366714701,64694184,0.0,1.0
2018-05-24 00:00:00+00:00,272.8,273.22,270.78,272.91,76043827,260.9961425565,261.3979694622,259.0635464863,261.1013829366,76043827,0.0,1.0
2018-05-25 00:00:00+00:00,272.15,272.86,271.58,272.15,56374755,260.3742675834,261.0535464002,259.8289310686,260.3742675834,56374755,0.0,1.0
2018-05-29 00:00:00+00:00,269.02,271.17,267.76,270.31,115908607,257.3797004053,259.4366714701,256.1742196882,258.6138830442,115908607,0.0,1.0
2018-05-30 00:00:00+00:00,272.61,273.11,270.42,270.5,69678449,260.8143637182,261.2927290822,258.7191234243,258.7956618825,69678449,0.0,1.0
2018-05-31 00:00:00+00:00,270.94,272.49,270.26,272.15,93519941,259.2166234027,260.6995560309,258.5660465078,260.3742675834,93519941,0.0,1.0
2018-06-01 00:00:00+00:00,273.6,273.94,272.33,272.41,71258411,261.7615271388,262.0868155863,260.5464791144,260.6230175727,71258411,0.0,1.0
2018-06-04 00:00:00+00:00,274.9,275.19,274.26,274.53,45385166,263.005277085,263.2827289961,262.3929694192,262.6512867157,45385166,0.0,1.0
2018-06-05 00:00:00+00:00,275.1,275.53,274.18,275.05,51135038,263.1966232306,263.6080174436,262.316430961,263.1487866942,51135038,0.0,1.0
2018-06-06 00:00:00+00:00,277.4,277.52,275.09,275.79,62732215,265.3971039046,265.511911592,263.1870559233,263.8567674328,62732215,0.0,1.0
2018-06-07 00:00:00+00:00,277.37,278.28,276.34,277.95,72969402,265.3684019828,266.2390269451,264.3829693331,265.9233058049,72969402,0.0,1.0
2018-06-08 00:00:00+00:00,278.19,278.25,276.66,276.85,72139719,266.1529211796,266.2103250233,264.689123166,264.8709020043,72139719,0.0,1.0
2018-06-11 00:00:00+00:00,278.56,279.37,278.31,278.44,58892515,266.5069115489,267.2818634385,266.267728867,266.3921038616,58892515,0.0,1.0
2018-06-12 00:00:00+00:00,278.92,279.33,278.19,279.03,72329028,266.851334611,267.2435942094,266.1529211796,266.956574991,72329028,0.0,1.0
2018-06-13 00:00:00+00:00,278.03,279.48,277.8,279.19,79070610,265.9998442632,267.3871038185,265.7797961958,267.1096519075,79070610,0.0,1.0
2018-06-14 00:00:00+00:00,278.73,279.33,278.06,279.01,77097620,266.6695557727,267.2435942094,266.028546185,266.9374403765,77097620,0.0,1.0
2018-06-15 00:00:00+00:00,277.13,277.51,275.35,276.6,120041562,266.3304904027,266.6956821407,264.6198554194,265.8211440313,120041562,1.2456,1.0
2018-06-18 00:00:00+00:00,276.56,276.7,274.95,275.49,52917581,265.7827027957,265.9172471202,264.2354430636,264.754399744,52917581,0.0,1.0
2018-06-19 00:00:00+00:00,275.5,275.75,273.53,274.0,97531510,264.7640100529,265.0042677752,262.8707792006,263.3224637186,97531510,0.0,1.0
2018-06-20 00:00:00+00:00,275.97,276.72,275.59,276.27,53785486,265.2156945709,265.936467738,264.8505028329,265.5040038378,53785486,0.0,1.0
2018-06-21 00:00:00+00:00,274.24,275.98,273.68,275.96,71061404,263.5531111321,265.2253048798,263.014933834,265.206084262,71061404,0.0,1.0
2018-06-22 00:00:00+00:00,274.74,275.79,274.49,275.66,56612003,264.0336265768,265.0427090108,263.7933688545,264.9177749952,56612003,0.0,1.0
2018-06-25 00:00:00+00:00,271.0,273.62,269.1,273.44,137854162,260.4393710502,262.9572719806,258.6134123602,262.7842864205,137854162,0.0,1.0
2018-06-26 00:00:00+00:00,271.6,272.56,270.79,271.64,68683211,261.0159895839,261.9385792378,260.2375545634,261.0544308194,68683211,0.0,1.0
2018-06-27 00:00:00+00:00,269.35,273.87,269.18,272.26,104960655,258.8536700825,263.197529703,258.6902948313,261.6502699709,104960655,0.0,1.0
2018-06-28 00:00:00+00:00,270.89,271.75,268.49,269.29,76650517,260.3336576523,261.1601442173,258.0271835176,258.7960082292,76650517,0.0,1.0
2018-06-29 00:00:00+00:00,271.28,273.66,271.15,272.12,97592499,260.7084596992,262.9957132162,260.5835256836,261.5157256464,97592499,0.0,1.0
2018-07-02 00:00:00+00:00,271.86,272.04,269.24,269.51,63554774,261.2658576151,261.4388431752,258.7479566847,259.0074350248,63554774,0.0,1.0
2018-07-03 00:00:00+00:00,270.9,272.98,270.42,272.87,42187071,260.3432679612,262.3422122114,259.8819731343,262.2364988135,42187071,0.0,1.0
2018-07-05 00:00:00+00:00,273.11,273.18,270.96,272.17,56925919,262.467146227,262.5344183893,260.4009298146,261.5637771909,56925919,0.0,1.0
2018-07-06 00:00:00+00:00,275.42,275.84,272.71,273.14,66493696,264.6871275817,265.0907605553,262.0827338712,262.4959771537,66493696,0.0,1.0
2018-07-09 00:00:00+00:00,277.9,277.96,276.5,276.55,50550399,267.0704841876,267.128146041,265.7250409423,265.7730924868,50550399,0.0,1.0
2018-07-10 00:00:00+00:00,278.9,279.01,278.08,278.41,51966829,268.0315150771,268.1372284749,267.2434697477,267.5606099413,51966829,0.0,1.0
2018-07-11 00:00:00+00:00,276.86,278.04,276.52,277.15,77054739,266.0710120626,267.2050285121,265.7442615601,266.3497110205,77054739,0.0,1.0
2018-07-12 00:00:00+00:00,279.37,279.43,277.6,278.28,60124687,268.4831995952,268.5408614485,266.7821749208,267.4356759256,60124687,0.0,1.0
2018-07-13 00:00:00+00:00,279.59,279.93,278.66,279.17,48234964,268.6946263908,269.0213768933,267.8008676636,268.2909934173,48234964,0.0,1.0
2018-07-16 00:00:00+00:00,279.34,279.8,278.84,279.64,48201038,268.4543686685,268.8964428776,267.9738532237,268.7426779353,48201038,0.0,1.0
2018-07-17 00:00:00+00:00,280.47,280.91,278.41,278.47,52315500,269.5403335736,269.963187165,267.5606099413,267.6182717946,52315500,0.0,1.0
2018-07-18 00:00:00+00:00,281.06,281.18,280.06,280.56,44593465,270.1073417984,270.2226655051,269.1463109089,269.6268263536,44593465,0.0,1.0
2018-07-19 00:00:00+00:00,280.0,280.74,279.46,280.31,61412117,269.0886490555,269.7998119138,268.5696923752,269.3865686313,61412117,0.0,1.0
2018-07-20 00:00:00+00:00,279.68,280.48,279.5,279.77,82372729,268.7811191709,269.5499438825,268.6081336108,268.867611951,82372729,0.0,1.0
2018-07-23 00:00:00+00:00,280.2,280.43,279.06,279.45,47047565,269.2808552334,269.501892338,268.1852800194,268.5600820663,47047565,0.0,1.0
2018-07-24 00:00:00+00:00,281.61,282.56,280.63,281.79,68026935,270.6359087876,271.5488881326,269.6940985159,270.8088943477,68026935,0.0,1.0
2018-07-25 00:00:00+00:00,284.01,284.37,281.28,281.33,78882927,272.9423829224,273.2883540426,270.3187685941,270.3668201385,78882927,0.0,1.0
2018-07-26 00:00:00+00:00,283.34,284.11,283.09,283.2,57919495,272.2984922264,273.0384860113,272.058234504,272.1639479019,57919495,0.0,1.0
2018-07-27 00:00:00+00:00,281.42,283.82,280.38,283.71,76783177,270.4533129186,272.7597870534,269.4538407935,272.6540736555,76783177,0.0,1.0
2018-07-30 00:00:00+00:00,279.95,281.69,279.36,281.51,63742508,269.0405975111,270.7127912588,268.4735892863,270.5398056987,63742508,0.0,1.0
2018-07-31 00:00:00+00:00,281.33,282.02,280.38,280.81,68570493,270.3668201385,271.0299314523,269.4538407935,269.867084076,68570493,0.0,1.0
2018-08-01 00:00:00+00:00,280.86,282.13,280.13,281.56,53853326,269.9151356205,271.1356448501,269.2135830712,270.5878572431,53853326,0.0,1.0
2018-08-02 00:00:00+00:00,282.39,282.58,279.16,279.39,63426363,271.3855128814,271.5681087504,268.2813831084,268.502420213,63426363,0.0,1.0
2018-08-03 00:00:00+00:00,283.6,283.66,282.33,282.53,53935386,272.5483602577,272.606022111,271.327851028,271.5200572059,53935386,0.0,1.0
2018-08-06 00:00:00+00:00,284.64,284.99,283.2,283.64,39400887,273.5478323827,273.8841931941,272.1639479019,272.5868014933,39400887,0.0,1.0
2018-08-07 00:00:00+00:00,285.58,286.01,285.24,285.39,43196646,274.4512014189,274.8644447013,274.1244509164,274.2686055499,43196646,0.0,1.0
2018-08-08 00:00:00+00:00,285.46,285.91,284.94,285.39,42114551,274.3358777121,274.7683416124,273.8361416496,274.2686055499,42114551,0.0,1.0
2018-08-09 00:00:00+00:00,285.07,285.97,284.92,285.53,35716976,273.9610756652,274.8260034658,273.8169210318,274.4031498744,35716976,0.0,1.0
2018-08-10 00:00:00+00:00,283.16,284.06,282.36,283.45,77076044,272.1255066663,272.9904344668,271.3566819547,272.4042056243,77076044,0.0,1.0
2018-08-13 00:00:00+00:00,282.1,284.16,281.77,283.47,65732909,271.1068139235,273.0865375558,270.7896737299,272.423426242,65732909,0.0,1.0
2018-08-14 00:00:00+00:00,283.9,284.17,282.48,282.92,43842031,272.8366695245,273.0961478647,271.4720056615,271.8948592528,43842031,0.0,1.0
2018-08-15 00:00:00+00:00,281.78,282.54,280.16,282.38,102925355,270.7992840388,271.5296675148,269.2424139979,271.3759025725,102925355,0.0,1.0
2018-08-16 00:00:00+00:00,284.06,285.04,283.36,283.4,69967919,272.9904344668,273.9322447385,272.3177128442,272.3561540798,69967919,0.0,1.0
2018-08-17 00:00:00+00:00,285.06,285.56,283.37,283.83,65618481,273.9514653563,274.4319808011,272.3273231531,272.7693973623,65618481,0.0,1.0
2018-08-20 00:00:00+00:00,285.67,285.97,285.06,285.57,39807490,274.5376941989,274.8260034658,273.9514653563,274.44159111,39807490,0.0,1.0
2018-08-21 00:00:00+00:00,286.34,287.31,285.71,286.25,67271983,275.1815848949,276.1137848577,274.5761354345,275.0950921148,67271983,0.0,1.0
2018-08-22 00:00:00+00:00,286.17,286.76,285.58,285.88,44993333,275.0182096437,275.5852178684,274.4512014189,274.7395106857,44993333,0.0,1.0
2018-08-23 00:00:00+00:00,285.79,286.94,285.43,285.97,49204851,274.6530179056,275.7582034286,274.3070467854,274.8260034658,49204851,0.0,1.0
2018-08-24 00:00:00+00:00,287.51,287.67,286.38,286.44,57487399,276.3059910356,276.4597559779,275.2200261304,275.2776879838,57487399,0.0,1.0
2018-08-27 00:00:00+00:00,289.78,289.9,288.68,288.86,57072377,278.4875311547,278.6028548614,277.4303971763,277.6033827364,57072377,0.0,1.0
2018-08-28 00:00:00+00:00,289.92,290.42,289.4,290.3,46943472,278.6220754792,279.102590924,278.1223394167,278.9872672172,46943472,0.0,1.0
2018-08-29 00:00:00+00:00,291.48,291.74,289.89,290.16,61485514,280.1212836668,280.3711516981,278.5932445525,278.8527228927,61485514,0.0,1.0
2018-08-30 00:00:00+00:00,290.3,291.36,289.63,290.94,61229501,278.9872672172,280.0059599601,278.3433765213,279.6023269865,61229501,0.0,1.0
2018-08-31 00:00:00+00:00,290.31,290.81,289.29,289.84,66140838,278.9968775261,279.4773929709,278.0166260188,278.5451930081,66140838,0.0,1.0
2018-09-04 00:00:00+00:00,289.81,290.21,288.68,289.84,57594367,278.5163620814,278.9007744372,277.4303971763,278.5451930081,57594367,0.0,1.0
2018-09-05 00:00:00+00:00,289.03,289.64,287.89,289.41,72452437,277.7667579876,278.3529868302,276.6711827736,278.1319497256,72452437,0.0,1.0
2018-09-06 00:00:00+00:00,288.16,289.49,287.0,289.15,65909863,276.9306611137,278.2088321967,275.8158652819,277.8820816943,65909863,0.0,1.0
2018-09-07 00:00:00+00:00,287.6,288.7,286.71,286.98,73524824,276.3924838156,277.449617794,275.537166324,275.7966446641,73524824,0.0,1.0
2018-09-10 00:00:00+00:00,288.1,289.04,287.88,288.74,50191113,276.8729992604,277.7763682965,276.6615724647,277.4880590296,50191113,0.0,1.0
2018-09-11 00:00:00+00:00,289.05,289.55,286.98,287.37,50530492,277.7859786054,278.2664940501,275.7966446641,276.171446711,50530492,0.0,1.0
2018-09-12 00:00:00+00:00,289.12,289.8,288.23,289.06,59810758,277.8532507676,278.5067517725,276.997933276,277.7955889143,59810758,0.0,1.0
2018-09-13 00:00:00+00:00,290.83,291.04,290.0,290.32,51034222,279.4966135886,279.6984300754,278.6989579504,279.006487835,51034222,0.0,1.0
2018-09-14 00:00:00+00:00,290.88,291.27,290.0,291.06,55079875,279.5446651331,279.91946718,278.6989579504,279.7176506932,55079875,0.0,1.0
2018-09-17 00:00:00+00:00,289.34,290.86,289.03,290.82,68244043,278.0646775633,279.5254445153,277.7667579876,279.4870032798,68244043,0.0,1.0
2018-09-18 00:00:00+00:00,290.91,291.58,289.55,289.58,61930407,279.5734960598,280.2173867558,278.2664940501,278.2953249768,61930407,0.0,1.0
2018-09-19 00:00:00+00:00,291.22,291.69,290.83,290.97,49080562,279.8714156355,280.3231001536,279.4966135886,279.6311579132,49080562,0.0,1.0
2018-09-20 00:00:00+00:00,293.58,293.94,291.24,292.64,100360646,282.1394485347,282.4854196549,279.8906362533,281.2360794986,100360646,0.0,1.0
2018-09-21 00:00:00+00:00,291.99,293.22,291.81,293.09,105479656,281.8824688749,283.0698911726,281.7086997581,282.944391255,105479656,1.3226,1.0
2018-09-24 00:00:00+00:00,291.02,291.5,290.37,291.34,53409645,280.9460464124,281.4094307237,280.3185468242,281.2549692866,53409645,0.0,1.0
2018-09-25 00:00:00+00:00,290.75,291.65,290.48,291.53,44370037,280.6853927373,281.554238321,280.4247390622,281.4383922432,44370037,0.0,1.0
2018-09-26 00:00:00+00:00,289.88,292.24,289.41,290.91,79739674,279.8455086731,282.1238148704,279.3917782016,280.8398541744,79739674,0.0,1.0
2018-09-27 00:00:00+00:00,290.69,291.91,290.1,290.41,59249455,280.6274696984,281.8052381563,280.0578931491,280.3571621835,59249455,0.0,1.0
2018-09-28 00:00:00+00:00,290.72,291.28,289.95,289.99,70091385,280.6564312179,281.1970462477,279.9130855518,279.9517009111,70091385,0.0,1.0
2018-10-01 00:00:00+00:00,291.73,292.93,290.98,292.11,62078937,281.6314690396,282.7899298179,280.9074310532,281.9983149527,62078937,0.0,1.0
2018-10-02 00:00:00+00:00,291.56,292.36,291.14,291.56,47258227,281.4673537627,282.2396609482,281.0618924903,281.4673537627,47258227,0.0,1.0
2018-10-03 00:00:00+00:00,291.72,293.21,291.32,292.74,64694594,281.6218151998,283.0602373328,281.235661607,282.6065068613,64694594,0.0,1.0
2018-10-04 00:00:00+00:00,289.44,291.24,287.66,291.18,111545910,279.420739721,281.1584308885,277.7023562333,281.1005078495,111545910,0.0,1.0
2018-10-05 00:00:00+00:00,287.82,290.27,286.22,289.69,105951698,277.8568176704,280.222008426,276.3122032993,279.6620857165,105951698,0.0,1.0
2018-10-08 00:00:00+00:00,287.82,288.22,285.5,287.05,87742172,277.8568176704,278.2429712631,275.6171268324,277.1134720043,87742172,0.0,1.0
2018-10-09 00:00:00+00:00,287.4,288.86,286.77,287.39,74338982,277.451356398,278.8608170115,276.8431644894,277.4417025581,74338982,0.0,1.0
2018-10-10 00:00:00+00:00,278.3,286.91,277.88,286.83,214731042,268.6663621627,276.9783182468,268.2609008903,276.9010875283,214731042,0.0,1.0
2018-10-11 00:00:00+00:00,272.17,278.9,270.36,277.08,274840491,262.7485583536,269.2455925518,261.0012133464,267.4885937048,274840491,0.0,1.0
2018-10-12 00:00:00+00:00,275.95,277.09,272.37,276.77,183186492,266.3977098052,267.4982475446,262.94163515,267.1893246704,183186492,0.0,1.0
2018-10-15 00:00:00+00:00,274.4,277.04,274.3,275.55,102263717,264.9013646333,267.4499783455,264.8048262351,266.0115562124,102263717,0.0,1.0
2018-10-16 00:00:00+00:00,280.4,280.82,276.07,276.6,118255834,270.6936685247,271.0991297971,266.513555883,267.0252093934,118255834,0.0,1.0
2018-10-17 00:00:00+00:00,280.45,281.15,277.56,280.44,110625987,270.7419377238,271.4177065111,267.9519780161,270.7322838839,110625987,0.0,1.0
2018-10-18 00:00:00+00:00,276.4,280.07,274.97,279.4,134557525,266.8321325971,270.3750918106,265.4516335029,269.7282845428,134557525,0.0,1.0
2018-10-19 00:00:00+00:00,276.25,279.3,275.47,277.13,139901634,266.6873249998,269.6317461446,265.9343254939,267.5368629039,139901634,0.0,1.0
2018-10-22 00:00:00+00:00,275.01,277.36,274.41,277.0,82415812,265.4902488622,267.7589012197,264.9110184731,267.4113629862,82415812,0.0,1.0
2018-10-23 00:00:00+00:00,273.61,274.87,268.61,270.95,146352719,264.1387112876,265.3550951048,259.3117913781,261.5707898957,146352719,0.0,1.0
2018-10-24 00:00:00+00:00,265.32,273.76,264.7,273.33,177806697,256.1356780776,264.2835188849,255.5371400088,263.8684037726,177806697,0.0,1.0
2018-10-25 00:00:00+00:00,270.08,271.81,266.23,267.38,138061545,260.7309058315,262.4010201201,257.0141775011,258.1243690803,138061545,0.0,1.0
2018-10-26 00:00:00+00:00,265.33,271.0,262.29,265.92,201574596,256.1453319174,261.6190590948,253.2105646125,256.7149084668,201574596,0.0,1.0
2018-10-29 00:00:00+00:00,263.86,270.25,259.85,268.8,160749101,254.726217464,260.8950211084,250.8550276966,259.4952143346,160749101,0.0,1.0
2018-10-30 00:00:00+00:00,267.77,268.12,263.12,263.67,157115995,258.5008688333,258.8387532269,254.0118333174,254.5427945075,157115995,0.0,1.0
2018-10-31 00:00:00+00:00,270.63,273.23,270.12,270.65,128296325,261.2618670215,263.7718653744,260.7695211907,261.2811747011,128296325,0.0,1.0
2018-11-01 00:00:00+00:00,273.51,273.73,270.38,271.6,99495037,264.0421728894,264.2545573654,261.020521026,262.1982894839,99495037,0.0,1.0
2018-11-02 00:00:00+00:00,271.89,275.23,269.59,274.75,122634107,262.4782508387,265.7026333382,260.2578676803,265.2392490269,122634107,0.0,1.0
2018-11-05 00:00:00+00:00,273.39,274.01,271.35,272.44,65622482,263.9263268115,264.5248648803,261.9569434885,263.0092120287,65622482,0.0,1.0
2018-11-06 00:00:00+00:00,275.12,275.3,273.25,273.32,60085894,265.5964411002,265.770210217,263.7911730541,263.8587499328,60085894,0.0,1.0
2018-11-07 00:00:00+00:00,281.01,281.1,277.08,277.56,102752099,271.2825527536,271.369437312,267.4885937048,267.9519780161,102752099,0.0,1.0
2018-11-08 00:00:00+00:00,280.5,281.22,279.22,280.11,65584886,270.7902069229,271.4852833898,269.554515426,270.4137071699,65584886,0.0,1.0
2018-11-09 00:00:00+00:00,277.76,279.24,276.18,279.03,98812561,268.1450548124,269.5738231057,266.619748121,269.3710924695,98812561,0.0,1.0
2018-11-12 00:00:00+00:00,272.57,277.46,271.99,277.19,99673574,263.1347119464,267.8554396179,262.5747892369,267.5947859428,99673574,0.0,1.0
2018-11-13 00:00:00+00:00,272.06,275.33,271.25,273.09,98176610,262.6423661156,265.7991717364,261.8604050903,263.636711617,98176610,0.0,1.0
2018-11-14 00:00:00+00:00,270.2,274.61,268.45,274.16,125335931,260.8467519093,265.1040952695,259.157329941,264.6696724776,125335931,0.0,1.0
2018-11-15 00:00:00+00:00,273.02,273.54,267.01,268.78,135101437,263.5691347382,264.0711344088,257.767177007,259.475906655,135101437,0.0,1.0
2018-11-16 00:00:00+00:00,273.73,274.75,271.21,271.79,126668040,264.2545573654,265.2392490269,261.821789731,262.3817124405,126668040,0.0,1.0
2018-11-19 00:00:00+00:00,269.1,273.38,268.07,273.05,103061706,259.7848295292,263.9166729717,258.7904840278,263.5980962577,103061706,0.0,1.0
2018-11-20 00:00:00+00:00,264.12,267.0,263.15,265.36,136021311,254.9772172993,257.7575231672,254.0407948369,256.1742934369,136021311,0.0,1.0
2018-11-21 00:00:00+00:00,265.02,267.15,265.01,265.86,75563743,255.846062883,257.9023307645,255.8364090432,256.6569854278,75563743,0.0,1.0
2018-11-23 00:00:00+00:00,263.25,264.82,263.07,263.18,42807878,254.1373332351,255.6529860867,253.9635641183,254.0697563564,42807878,0.0,1.0
2018-11-26 00:00:00+00:00,267.5,267.75,265.34,265.78,79981362,258.2402151582,258.4815611536,256.1549857573,256.5797547093,79981362,0.0,1.0
2018-11-27 00:00:00+00:00,268.4,268.4,265.66,266.34,75502441,259.1090607419,259.1090607419,256.4639086315,257.1203697392,75502441,0.0,1.0
2018-11-28 00:00:00+00:00,274.58,274.58,268.33,269.6,127629633,265.07513375,265.07513375,259.0414838631,260.2675215201,127629633,0.0,1.0
2018-11-29 00:00:00+00:00,273.98,275.55,272.43,273.71,82346420,264.4959033609,266.0115562124,262.9995581889,264.2352496858,82346420,0.0,1.0
2018-11-30 00:00:00+00:00,275.65,276.28,273.45,273.81,98204190,266.1080946106,266.7162865192,263.9842498505,264.3317880839,98204190,0.0,1.0
2018-12-03 00:00:00+00:00,279.3,280.4,277.51,280.28,103017719,269.6317461446,270.6936685247,267.903708817,270.5778224468,103017719,0.0,1.0
2018-12-04 00:00:00+00:00,270.25,278.85,269.9,278.37,177986013,260.8950211084,269.1973233527,260.5571367147,268.7339390414,177986013,0.0,1.0
2018-12-06 00:00:00+00:00,269.84,269.97,262.44,265.92,204185411,260.4992136758,260.6247135934,253.3553722097,256.7149084668,204185411,0.0,1.0
2018-12-07 00:00:00+00:00,263.57,271.22,262.63,269.46,161018923,254.4462561093,261.8314435708,253.5387951663,260.1323677627,161018923,0.0,1.0
2018-12-10 00:00:00+00:00,264.07,265.16,258.62,263.37,151445885,254.9289481002,255.9812166405,249.6676053989,254.2531793129,151445885,0.0,1.0
2018-12-11 00:00:00+00:00,264.13,267.87,262.48,267.66,121504431,254.9868711392,258.5974072315,253.393987569,258.3946765953,121504431,0.0,1.0
2018-12-12 00:00:00+00:00,265.46,269.0,265.37,267.47,97976706,256.2708318351,259.688291131,256.1839472767,258.2112536387,97976706,0.0,1.0
2018-12-13 00:00:00+00:00,265.37,267.49,264.12,266.52,96662717,256.1839472767,258.2305613183,254.9772172993,257.2941388559,96662717,0.0,1.0
2018-12-14 00:00:00+00:00,260.47,264.03,259.85,262.96,116961071,251.4535657654,254.890332741,250.8550276966,253.8573718803,116961071,0.0,1.0
2018-12-17 00:00:00+00:00,255.36,260.65,253.53,259.4,165492257,246.5204536179,251.6273348821,244.753800931,250.4206049048,165492257,0.0,1.0
2018-12-18 00:00:00+00:00,255.08,257.95,253.28,257.2,134515094,246.250146103,249.020798131,244.5124549355,248.2967601446,134515094,0.0,1.0
2018-12-19 00:00:00+00:00,251.26,259.4,249.35,255.17,214992763,242.5623792921,250.4206049048,240.7184958867,246.3370306613,214992763,0.0,1.0
2018-12-20 00:00:00+00:00,247.17,251.62,244.65,249.86,252053377,238.6139588061,242.9099175256,236.1811911718,241.2108417174,252053377,0.0,1.0
2018-12-21 00:00:00+00:00,240.7,249.71,239.98,246.74,255345633,233.7536366109,242.5036169427,233.0544150971,239.6193281984,255345633,1.4354,1.0
2018-12-24 00:00:00+00:00,234.34,240.84,234.27,239.04,147311588,227.5771799061,233.8895963497,227.5092000367,232.1415425653,147311588,0.0,1.0
2018-12-26 00:00:00+00:00,246.18,246.18,233.76,235.97,218485360,239.0754892433,239.0754892433,227.0139181311,229.1601397219,218485360,0.0,1.0
2018-12-27 00:00:00+00:00,248.07,248.29,238.96,242.57,186267342,240.9109457169,241.124596735,232.063851286,235.5696702646,186267342,0.0,1.0
2018-12-28 00:00:00+00:00,247.75,251.4,246.45,249.58,153100189,240.6001805997,244.144845218,239.337697311,242.3773686138,153100189,0.0,1.0
2018-12-31 00:00:00+00:00,249.92,250.19,247.47,249.56,144299370,242.7075565508,242.9697646185,240.3282611221,242.357945794,144299370,0.0,1.0
2019-01-02 00:00:00+00:00,250.18,251.21,245.95,245.98,126925199,242.9600532086,243.9603284296,238.8521268153,238.881261045,126925199,0.0,1.0
2019-01-03 00:00:00+00:00,244.21,248.57,243.67,248.23,144140692,237.1623414904,241.3965162126,236.6379253551,241.0663282755,144140692,0.0,1.0
2019-01-04 00:00:00+00:00,252.39,253.11,247.17,247.59,142628834,245.1062747994,245.8054963132,240.0369188247,240.4447980411,142628834,0.0,1.0
2019-01-07 00:00:00+00:00,254.38,255.95,251.69,252.69,103139100,247.0388453721,248.5635367285,244.4264761055,245.3976170968,103139100,0.0,1.0
2019-01-08 00:00:00+00:00,256.77,257.31,254.0,256.82,102512587,249.3598723414,249.8842884767,246.6698117954,249.408429391,102512587,0.0,1.0
2019-01-09 00:00:00+00:00,257.97,258.91,256.19,257.56,95006554,250.525241531,251.4381140628,248.7966105664,250.1270737245,95006554,0.0,1.0
2019-01-10 00:00:00+00:00,258.88,259.16,255.5,256.26,96823923,251.4089798331,251.6808993106,248.1265232824,248.8645904358,96823923,0.0,1.0
2019-01-11 00:00:00+00:00,258.98,259.01,257.03,257.68,73858110,251.5060939322,251.5352281619,249.6123689991,250.2436106435,73858110,0.0,1.0
2019-01-14 00:00:00+00:00,257.4,258.3,256.41,256.86,70908227,249.9716911659,250.8457180581,249.0102615845,249.4472750306,70908227,0.0,1.0
2019-01-15 00:00:00+00:00,260.35,260.7,257.81,257.82,85208271,252.8365570903,253.1764564373,250.3698589724,250.3795703823,85208271,0.0,1.0
2019-01-16 00:00:00+00:00,260.98,261.97,260.6,260.83,77636710,253.4483759148,254.4098054963,253.0793423381,253.3027047661,77636710,0.0,1.0
2019-01-17 00:00:00+00:00,262.96,263.92,259.96,260.01,96118435,255.3712350777,256.3035304293,252.4578121037,252.5063691533,96118435,0.0,1.0
2019-01-18 00:00:00+00:00,266.46,266.98,263.0,264.98,127900303,258.7702285473,259.2752218628,255.4100807173,257.3329398801,127900303,0.0,1.0
2019-01-22 00:00:00+00:00,262.86,265.06,261.06,264.82,115531183,255.2741209785,257.4106311594,253.5260671942,257.1775573215,115531183,0.0,1.0
2019-01-23 00:00:00+00:00,263.41,264.79,260.66,264.01,86030287,255.8082485238,257.1484230918,253.1376107976,256.3909331185,86030287,0.0,1.0
2019-01-24 00:00:00+00:00,263.55,264.2,262.08,263.21,59204139,255.9442082625,256.5754499069,254.5166310053,255.6140203255,59204139,0.0,1.0
2019-01-25 00:00:00+00:00,265.78,266.7,263.66,265.61,96883358,258.1098526732,259.0033023852,256.0510337716,257.9447587047,96883358,0.0,1.0
2019-01-28 00:00:00+00:00,263.76,263.83,261.79,263.39,85613655,256.1481478707,256.2161277401,254.2350001178,255.7888257039,85613655,0.0,1.0
2019-01-29 00:00:00+00:00,263.41,264.55,262.48,263.92,66136334,255.8082485238,256.9153492539,254.9050874018,256.3035304293,66136334,0.0,1.0
2019-01-30 00:00:00+00:00,267.58,268.52,264.25,265.1,92473671,259.8579064576,260.7707789894,256.6240069565,257.4494767991,92473671,0.0,1.0
2019-01-31 00:00:00+00:00,269.93,270.47,267.27,267.51,104012073,262.1400877872,262.6645039225,259.5568527503,259.7899265882,104012073,0.0,1.0
2019-02-01 00:00:00+00:00,270.06,271.2,269.18,270.15,85782524,262.266336116,263.3734368461,261.4117320437,262.3537388053,85782524,0.0,1.0
2019-02-04 00:00:00+00:00,271.96,272.03,269.36,270.11,60744844,264.1115039995,264.1794838689,261.5865374221,262.3148931656,60744844,0.0,1.0
2019-02-05 00:00:00+00:00,273.1,273.44,271.88,272.44,79552774,265.2186047297,265.5487926667,264.0338127202,264.5776516754,79552774,0.0,1.0
2019-02-06 00:00:00+00:00,272.74,273.34,271.92,272.79,58347791,264.8689939728,265.4516785676,264.0726583599,264.9175510223,58347791,0.0,1.0
2019-02-07 00:00:00+00:00,270.14,271.55,268.29,270.94,95481961,262.3440273953,263.7133361931,260.5474165614,263.1209401884,95481961,0.0,1.0
2019-02-08 00:00:00+00:00,270.47,270.58,267.83,268.75,75788861,262.6645039225,262.7713294315,260.1006917054,260.9941414174,75788861,0.0,1.0
2019-02-11 00:00:00+00:00,270.62,271.49,270.03,271.2,68021423,262.8101750712,263.6550677336,262.2372018863,263.3734368461,68021423,0.0,1.0
2019-02-12 00:00:00+00:00,274.1,274.52,272.34,272.42,72270221,266.189745721,266.5976249373,264.4805375762,264.5582288556,72270221,0.0,1.0
2019-02-13 00:00:00+00:00,274.99,275.93,274.56,275.03,65277204,267.0540612032,267.9669337351,266.636470577,267.0929068429,65277204,0.0,1.0
2019-02-14 00:00:00+00:00,274.38,275.64,272.87,273.78,83234396,266.4616651985,267.6853028476,264.9952423016,265.8789806038,83234396,0.0,1.0
2019-02-15 00:00:00+00:00,277.37,277.41,276.13,276.36,97088659,269.3653767626,269.4042224022,268.1611619334,268.3845243614,97088659,0.0,1.0
2019-02-19 00:00:00+00:00,277.85,278.58,276.47,276.48,59120804,269.8315244384,270.5404573621,268.4913498704,268.5010612803,59120804,0.0,1.0
2019-02-20 00:00:00+00:00,278.41,278.92,277.25,277.81,76610767,270.3753633936,270.8706452991,269.2488398436,269.7926787988,76610767,0.0,1.0
2019-02-21 00:00:00+00:00,277.42,278.1,276.35,277.7,64214727,269.4139338122,270.0743096863,268.3748129514,269.6858532897,64214727,0.0,1.0
2019-02-22 00:00:00+00:00,279.14,279.36,277.4,278.11,78114616,271.0842963172,271.2979473353,269.3945109923,270.0840210962,78114616,0.0,1.0
2019-02-25 00:00:00+00:00,279.52,281.31,279.43,280.73,69030699,271.4533298939,273.1916722684,271.3659272047,272.6284104934,69030699,0.0,1.0
2019-02-26 00:00:00+00:00,279.32,280.3,278.9,279.13,56844101,271.2591016957,272.2108198672,270.8512224793,271.0745849073,56844101,0.0,1.0
2019-02-27 00:00:00+00:00,279.2,279.59,277.48,278.52,56921570,271.1425647767,271.5213097633,269.4722022716,270.4821889026,56921570,0.0,1.0
2019-02-28 00:00:00+00:00,278.68,279.45,278.32,278.96,69268293,270.6375714612,271.3853500245,270.2879607043,270.9094909388,69268293,0.0,1.0
2019-03-01 00:00:00+00:00,280.42,280.88,278.82,280.44,78880548,272.3273567861,272.7740816421,270.7735312,272.3467796059,78880548,0.0,1.0
2019-03-04 00:00:00+00:00,279.4,281.87,276.84,281.6,106494637,271.336792975,273.7355112235,268.8506720372,273.4733031559,106494637,0.0,1.0
2019-03-05 00:00:00+00:00,279.02,279.76,278.41,279.54,59114559,270.9677593983,271.6864037318,270.3753633936,271.4727527138,59114559,0.0,1.0
2019-03-06 00:00:00+00:00,277.33,279.16,276.97,279.15,75039771,269.3265311229,271.1037191371,268.9769203661,271.0940077271,75039771,0.0,1.0
2019-03-07 00:00:00+00:00,275.01,276.99,274.07,276.83,94885089,267.0734840231,268.9963431859,266.1606114912,268.8409606273,94885089,0.0,1.0
2019-03-08 00:00:00+00:00,274.46,274.65,272.42,272.94,85795799,266.5393564778,266.7238732662,264.5582288556,265.063222171,85795799,0.0,1.0
2019-03-11 00:00:00+00:00,278.44,278.62,275.23,275.26,65098897,270.4044976233,270.5793030017,267.2871350412,267.3162692709,65098897,0.0,1.0
2019-03-12 00:00:00+00:00,279.49,280.07,278.85,279.06,79667530,271.4241956642,271.9874574392,270.8026654297,271.0066050379,79667530,0.0,1.0
2019-03-13 00:00:00+00:00,281.34,282.38,280.3,280.48,80639153,273.2208064981,274.2307931291,272.2108198672,272.3856252456,80639153,0.0,1.0
2019-03-14 00:00:00+00:00,281.16,281.84,280.67,281.37,67518366,273.0460011197,273.7063769938,272.5701420339,273.2499407279,67518366,0.0,1.0
2019-03-15 00:00:00+00:00,281.31,282.21,280.33,280.54,81308979,274.3891862248,275.2670443443,273.4332962724,273.6381298336,81308979,1.2331,1.0
2019-03-18 00:00:00+00:00,282.33,282.66,281.3,281.55,62199806,275.3840920936,275.7059734041,274.3794322457,274.6232817233,62199806,0.0,1.0
2019-03-19 00:00:00+00:00,282.4,284.36,281.41,283.51,90268121,275.4523699473,277.3641498521,274.4867260159,276.5350616281,90268121,0.0,1.0
2019-03-20 00:00:00+00:00,281.55,283.5,280.32,282.16,84609210,274.6232817233,276.525307649,273.4235422933,275.2182744488,84609210,0.0,1.0
2019-03-21 00:00:00+00:00,284.73,285.18,280.59,280.64,79550375,277.725047079,278.1639761387,273.6868997292,273.7356696247,79550375,0.0,1.0
2019-03-22 00:00:00+00:00,279.25,283.8,279.18,283.22,122659286,272.379866529,276.8179270221,272.3115886753,276.252196234,122659286,0.0,1.0
2019-03-25 00:00:00+00:00,279.04,280.19,277.64,278.87,85575197,272.1750329678,273.2967405649,270.809475893,272.009215323,85575197,0.0,1.0
2019-03-26 00:00:00+00:00,281.12,282.18,279.56,280.99,68125920,274.2038606218,275.237782407,272.6822398813,274.0770588934,68125920,0.0,1.0
2019-03-27 00:00:00+00:00,279.65,281.76,277.93,281.11,72224722,272.7700256932,274.8281152846,271.092341287,274.1941066427,72224722,0.0,1.0
2019-03-28 00:00:00+00:00,280.71,281.21,279.07,280.35,56238545,273.8039474784,274.2916464337,272.2042949051,273.4528042306,56238545,0.0,1.0
2019-03-29 00:00:00+00:00,282.48,282.84,281.14,282.39,82186806,275.5304017802,275.881545028,274.22336858,275.4426159682,82186806,0.0,1.0
2019-04-01 00:00:00+00:00,285.83,286.16,284.4,284.7,77617945,278.7979847806,279.1198660911,277.4031657685,277.6957851417,77617945,0.0,1.0
2019-04-02 00:00:00+00:00,285.97,286.23,285.09,286.04,40070351,278.9345404881,279.1881439448,278.0761903268,279.0028183418,40070351,0.0,1.0
2019-04-03 00:00:00+00:00,286.42,287.76,285.75,287.32,68243202,279.3734695478,280.680502748,278.7199529478,280.2513276674,68243202,0.0,1.0
2019-04-04 00:00:00+00:00,287.18,287.46,286.01,286.78,48997505,280.1147719599,280.3878833748,278.9735564045,279.7246127957,48997505,0.0,1.0
2019-04-05 00:00:00+00:00,288.57,288.63,287.6,287.92,58621729,281.4705750556,281.5290989302,280.5244390823,280.8365664137,58621729,0.0,1.0
2019-04-08 00:00:00+00:00,288.79,288.91,287.37,288.1,53566335,281.6851625959,281.8022103452,280.3000975629,281.0121380376,53566335,0.0,1.0
2019-04-09 00:00:00+00:00,287.31,288.08,286.7,287.72,66142316,280.2415736883,280.9926300794,279.6465809628,280.6414868316,66142316,0.0,1.0
2019-04-10 00:00:00+00:00,288.29,288.39,287.31,287.77,52601499,281.1974636406,281.2950034317,280.2415736883,280.6902567271,52601499,0.0,1.0
2019-04-11 00:00:00+00:00,288.21,288.84,287.58,288.83,55093100,281.1194318078,281.7339324914,280.5049311241,281.7241785123,55093100,0.0,1.0
2019-04-12 00:00:00+00:00,290.16,290.47,288.26,290.0,69727782,283.0214577334,283.3238310857,281.1682017033,282.8653940677,69727782,0.0,1.0
2019-04-15 00:00:00+00:00,289.97,290.35,289.08,290.24,49596685,282.8361321304,283.2067833364,281.96802799,283.0994895663,49596685,0.0,1.0
2019-04-16 00:00:00+00:00,290.16,291.01,289.5,290.95,52153197,283.0214577334,283.8505459574,282.3776951124,283.7920220828,52153197,0.0,1.0
2019-04-17 00:00:00+00:00,289.45,291.43,288.99,291.4,58268295,282.3289252169,284.2602130798,281.880242178,284.2309511425,58268295,0.0,1.0
2019-04-18 00:00:00+00:00,290.02,290.32,288.66,290.1,68708513,282.8849020259,283.1775213991,281.5583608675,282.9629338588,68708513,0.0,1.0
2019-04-22 00:00:00+00:00,290.27,290.44,289.07,289.17,40160140,283.1287515036,283.2945691484,281.9582740109,282.0558138019,40160140,0.0,1.0
2019-04-23 00:00:00+00:00,292.88,293.14,290.42,290.68,52246633,285.6745400502,285.9281435069,283.2750611902,283.5286646469,52246633,0.0,1.0
2019-04-24 00:00:00+00:00,292.23,293.16,292.07,292.79,50392914,285.0405314083,285.9476514651,284.8844677426,285.5867542382,50392914,0.0,1.0
2019-04-25 00:00:00+00:00,292.05,292.78,290.73,292.12,57770862,284.8649597844,285.5770002591,283.5774345424,284.9332376381,57770862,0.0,1.0
2019-04-26 00:00:00+00:00,293.41,293.49,291.24,292.1,50916423,286.1915009428,286.2695327756,284.0748874768,284.9137296799,50916423,0.0,1.0
2019-04-29 00:00:00+00:00,293.87,294.45,293.41,293.51,57197747,286.6401839817,287.2059147698,286.1915009428,286.2890407338,57197747,0.0,1.0
2019-04-30 00:00:00+00:00,294.02,294.34,291.92,293.49,81111733,286.7864936682,287.0986209996,284.738158056,286.2695327756,81111733,0.0,1.0
2019-05-01 00:00:00+00:00,291.81,294.95,291.8,294.72,71671870,284.6308642859,287.6936137251,284.6211103068,287.4692722056,71671870,0.0,1.0
2019-05-02 00:00:00+00:00,291.18,292.7,289.52,291.68,65030170,284.0163636022,285.4989684263,282.3972030706,284.5040625575,65030170,0.0,1.0
2019-05-03 00:00:00+00:00,294.03,294.34,291.3,292.82,56543653,286.7962476473,287.0986209996,284.1334113515,285.6160161755,56543653,0.0,1.0
2019-05-06 00:00:00+00:00,292.82,293.31,288.9,289.25,107198069,285.6160161755,286.0939611517,281.7924563661,282.1338456348,107198069,0.0,1.0
2019-05-07 00:00:00+00:00,287.93,290.81,285.81,290.15,144729908,280.8463203928,283.6554663753,278.7784768224,283.0117037543,144729908,0.0,1.0
2019-05-08 00:00:00+00:00,287.53,289.43,286.87,287.53,91568287,280.4561612286,282.3094172587,279.8123986076,280.4561612286,91568287,0.0,1.0
2019-05-09 00:00:00+00:00,286.66,287.33,283.3,285.23,103471104,279.6075650464,280.2610816465,276.3302280668,278.2127460343,103471104,0.0,1.0
2019-05-10 00:00:00+00:00,288.1,288.94,282.3,285.62,112429293,281.0121380376,281.8314722825,275.3548301563,278.5931512194,112429293,0.0,1.0
2019-05-13 00:00:00+00:00,280.86,283.49,279.93,282.42,127290527,273.950257165,276.5155536699,273.0431371082,275.4718779055,127290527,0.0,1.0
2019-05-14 00:00:00+00:00,283.4,285.1,281.85,281.99,77003230,276.4277678579,278.0859443059,274.9159010965,275.052456804,77003230,0.0,1.0
2019-05-15 00:00:00+00:00,285.06,285.77,281.36,281.59,73956407,278.0469283895,278.739460906,274.4379561203,274.6622976398,73956407,0.0,1.0
2019-05-16 00:00:00+00:00,287.7,289.21,285.76,285.84,76749643,280.6219788734,282.0948297184,278.7297069269,278.8077387597,76749643,0.0,1.0
2019-05-17 00:00:00+00:00,285.84,288.6,285.12,285.14,100353024,278.8077387597,281.4998369929,278.1054522641,278.1249602223,100353024,0.0,1.0
2019-05-20 00:00:00+00:00,283.95,285.96,283.12,284.06,62877610,276.9642367087,278.924786509,276.1546564429,277.0715304789,62877610,0.0,1.0
2019-05-21 00:00:00+00:00,286.51,286.93,285.55,285.83,46847085,279.4612553598,279.8709224822,278.5248733656,278.7979847806,46847085,0.0,1.0
2019-05-22 00:00:00+00:00,285.63,286.69,285.1,285.45,49482472,278.6029051985,279.6368269837,278.0859443059,278.4273335746,49482472,0.0,1.0
2019-05-23 00:00:00+00:00,282.14,283.21,280.57,283.16,98733847,275.1987664906,276.2424422549,273.667391771,276.1936723594,98733847,0.0,1.0
2019-05-24 00:00:00+00:00,282.78,284.2,282.09,283.74,55268095,275.8230211533,277.2080861864,275.149996595,276.7594031475,55268095,0.0,1.0
2019-05-28 00:00:00+00:00,280.15,284.15,280.13,283.09,70029356,273.2577246485,277.1593162908,273.2382166903,276.1253945056,70029356,0.0,1.0
2019-05-29 00:00:00+00:00,278.27,279.36,276.71,278.91,104972927,271.4239765766,272.4871602992,269.9023558361,272.0482312394,104972927,0.0,1.0
2019-05-30 00:00:00+00:00,279.03,280.04,277.81,279.11,62523780,272.1652789887,273.1504308784,270.9752935378,272.2433108215,62523780,0.0,1.0
2019-05-31 00:00:00+00:00,275.27,277.12,275.24,276.2,86862782,268.4977828449,270.3022689795,268.4685209076,269.4049029017,86862782,0.0,1.0
2019-06-03 00:00:00+00:00,274.57,276.55,273.09,275.31,96427952,267.8150043075,269.7462921704,266.3714153998,268.5367987613,96427952,0.0,1.0
2019-06-04 00:00:00+00:00,280.53,280.68,276.62,277.12,77231889,273.6283758545,273.7746855411,269.8145700242,270.3022689795,77231889,0.0,1.0
2019-06-05 00:00:00+00:00,282.96,282.99,280.32,282.33,71169717,275.9985927772,276.0278547146,273.4235422933,275.3840920936,71169717,0.0,1.0
2019-06-06 00:00:00+00:00,284.8,285.55,282.57,283.29,69430381,277.7933249327,278.5248733656,275.6181875921,276.3204740877,69430381,0.0,1.0
2019-06-07 00:00:00+00:00,287.65,288.85,285.74,285.93,74272199,280.5732089779,281.7436864706,278.7101989687,278.8955245717,74272199,0.0,1.0
2019-06-10 00:00:00+00:00,288.97,290.82,288.87,289.37,60799053,281.8607342198,283.6652203544,281.7631944288,282.2508933841,60799053,0.0,1.0
2019-06-11 00:00:00+00:00,288.9,291.4,288.18,290.99,58641325,281.7924563661,284.2309511425,281.0901698705,283.8310379992,58641325,0.0,1.0
2019-06-12 00:00:00+00:00,288.39,289.26,287.82,288.64,47096312,281.2950034317,282.1435996139,280.7390266227,281.5388529093,47096312,0.0,1.0
2019-06-13 00:00:00+00:00,289.58,289.98,288.62,289.4,48945156,282.4557269453,282.8458861095,281.5193449511,282.2801553214,48945156,0.0,1.0
2019-06-14 00:00:00+00:00,289.26,289.93,288.41,289.26,52324716,282.1435996139,282.797116214,281.3145113899,282.1435996139,52324716,0.0,1.0
2019-06-17 00:00:00+00:00,289.37,290.22,289.18,289.52,39205709,282.2508933841,283.079981608,282.065567781,282.3972030706,39205709,0.0,1.0
2019-06-18 00:00:00+00:00,292.4,293.57,290.99,291.39,85434823,285.2063490531,286.3475646085,283.8310379992,284.2211971634,85434823,0.0,1.0
2019-06-19 00:00:00+00:00,293.06,293.65,291.47,292.55,78674377,285.8501116741,286.4255964413,284.2992289963,285.3526587397,78674377,0.0,1.0
2019-06-20 00:00:00+00:00,295.86,296.31,293.13,296.04,116570017,288.5812258237,289.0201548835,285.9183895278,288.7567974476,116570017,0.0,1.0
2019-06-21 00:00:00+00:00,294.0,295.52,293.76,294.13,83309466,288.1633653588,289.6531895607,287.9281299585,288.290784534,83309466,1.4316,1.0
2019-06-24 00:00:00+00:00,293.64,294.58,293.47,294.23,47582730,287.8105122584,288.7318509095,287.6438871832,288.3887992841,47582730,0.0,1.0
2019-06-25 00:00:00+00:00,290.76,293.73,290.64,293.7,82028656,284.9876874549,287.8987255335,284.8700697547,287.8693211084,82028656,0.0,1.0
2019-06-26 00:00:00+00:00,290.47,292.31,290.345,291.75,51584902,284.7034446795,286.5069160818,284.5809262419,285.9580334811,51584902,0.0,1.0
2019-06-27 00:00:00+00:00,291.5,292.06,290.89,291.31,40355239,285.7129966058,286.2618792064,285.11510663,285.5267685805,40355239,0.0,1.0
2019-06-28 00:00:00+00:00,293.0,293.55,292.01,292.58,59350929,287.1832178576,287.7222989833,286.2128718314,286.7715559071,59350929,0.0,1.0
2019-07-01 00:00:00+00:00,295.66,296.92,294.33,296.68,79107474,289.7904102108,291.0253960624,288.4868140342,290.7901606621,79107474,0.0,1.0
2019-07-02 00:00:00+00:00,296.43,296.49,294.68,295.61,61504544,290.5451237868,290.6039326369,288.8298656596,289.7414028358,61504544,0.0,1.0
2019-07-03 00:00:00+00:00,298.8,298.82,297.02,297.18,40898896,292.8680733647,292.8876763147,291.1234108125,291.2802344127,40898896,0.0,1.0
2019-07-05 00:00:00+00:00,298.46,298.64,296.01,297.44,51677326,292.5348232143,292.7112497645,290.1334618363,291.535072763,51677326,0.0,1.0
2019-07-08 00:00:00+00:00,296.82,298.2579,296.22,297.01,45841772,290.9273813123,292.3367354043,290.3392928115,291.1136093375,45841772,0.0,1.0
2019-07-09 00:00:00+00:00,297.19,297.52,295.48,295.54,41101279,291.2900358877,291.6134845631,289.6139836606,289.6727925107,41101279,0.0,1.0
2019-07-10 00:00:00+00:00,298.61,299.66,297.78,298.37,58595558,292.6818453394,293.7110002157,291.8683229134,292.4466099391,58595558,0.0,1.0
2019-07-11 00:00:00+00:00,299.31,299.58,298.2,299.32,50889481,293.3679485903,293.6325884156,292.2799848639,293.3777500653,50889481,0.0,1.0
2019-07-12 00:00:00+00:00,300.65,300.73,299.51,299.85,40354410,294.6813462419,294.759758042,293.5639780905,293.897228241,40354410,0.0,1.0
2019-07-15 00:00:00+00:00,300.75,301.13,300.19,301.13,33910261,294.7793609921,295.1518170425,294.2304783914,295.1518170425,33910261,0.0,1.0
2019-07-16 00:00:00+00:00,299.71,300.88,299.44,300.65,40567964,293.7600075908,294.9067801672,293.4953677655,294.6813462419,40567964,0.0,1.0
2019-07-17 00:00:00+00:00,297.74,299.93,297.74,299.75,44102443,291.8291170134,293.9756400411,291.8291170134,293.7992134908,44102443,0.0,1.0
2019-07-18 00:00:00+00:00,298.83,299.25,296.7,297.19,51701687,292.8974777897,293.3091397402,290.8097636121,291.2900358877,51701687,0.0,1.0
2019-07-19 00:00:00+00:00,297.17,300.07,296.96,300.04,71081238,291.2704329377,294.1128606912,291.0646019624,294.0834562662,71081238,0.0,1.0
2019-07-22 00:00:00+00:00,297.9,298.5,297.04,297.61,43687404,291.9859406136,292.5740291143,291.1430137625,291.7016978382,43687404,0.0,1.0
2019-07-23 00:00:00+00:00,300.03,300.03,298.22,299.14,44657973,294.0736547912,294.0736547912,292.299587814,293.2013235151,44657973,0.0,1.0
2019-07-24 00:00:00+00:00,301.44,301.44,299.09,299.19,47213232,295.4556627679,295.4556627679,293.15231614,293.2503308901,47213232,0.0,1.0
2019-07-25 00:00:00+00:00,300.0,301.0,299.11,300.94,55394074,294.0442503661,295.0243978674,293.1719190901,294.9655890173,55394074,0.0,1.0
2019-07-26 00:00:00+00:00,302.01,302.23,300.62,300.76,45084077,296.0143468436,296.2299792939,294.6519418169,294.7891624671,45084077,0.0,1.0
2019-07-29 00:00:00+00:00,301.46,301.93,300.85,301.88,38126462,295.4752657179,295.9359350435,294.8773757422,295.8869276684,38126462,0.0,1.0
2019-07-30 00:00:00+00:00,300.72,301.17,299.49,299.91,45849045,294.749956567,295.1910229426,293.5443751405,293.956037091,45849045,0.0,1.0
2019-07-31 00:00:00+00:00,297.43,301.2,295.2,300.99,104245162,291.525271288,295.2204273676,289.3395423603,295.0145963923,104245162,0.0,1.0
2019-08-01 00:00:00+00:00,294.84,300.87,293.96,297.6,142646576,288.9866892598,294.8969786922,288.1241594588,291.6918963632,142646576,0.0,1.0
2019-08-02 00:00:00+00:00,292.62,294.12,290.9,293.85,116749695,286.8107618071,288.280983059,285.124908105,288.0163432336,116749695,0.0,1.0
2019-08-05 00:00:00+00:00,283.82,288.21,281.72,288.09,178745449,278.1854637964,282.4883113267,276.1271540438,282.3706936266,178745449,0.0,1.0
2019-08-06 00:00:00+00:00,287.8,288.04,284.28,285.91,120711682,282.0864508512,282.3216862515,278.636331647,280.2339720739,120711682,0.0,1.0
2019-08-07 00:00:00+00:00,287.97,288.82,282.04,284.4,140572265,282.2530759265,283.0862013025,276.4408012442,278.7539493471,140572265,0.0,1.0
2019-08-08 00:00:00+00:00,293.62,293.62,289.01,289.62,87713904,287.7909093084,287.7909093084,283.2724293277,283.8703193035,87713904,0.0,1.0
2019-08-09 00:00:00+00:00,291.62,293.24,289.65,292.58,93729958,285.8306143059,287.4184532579,283.8997237285,286.7715559071,93729958,0.0,1.0
2019-08-12 00:00:00+00:00,288.07,291.61,287.02,289.96,62629500,282.3510906766,285.8208128309,281.3219358003,284.2035694539,62629500,0.0,1.0
2019-08-13 00:00:00+00:00,292.55,294.15,287.36,287.74,94792972,286.742151482,288.310387484,281.6551859507,282.0276420012,94792972,0.0,1.0
2019-08-14 00:00:00+00:00,283.9,292.4644,283.76,288.07,135622053,278.2638755965,286.6582508559,278.1266549463,282.3510906766,135622053,0.0,1.0
2019-08-15 00:00:00+00:00,284.65,285.64,282.39,284.88,101929845,278.9989862224,279.9693322486,276.7838528696,279.2244201477,101929845,0.0,1.0
2019-08-16 00:00:00+00:00,288.85,289.33,284.7138,286.48,85825286,283.1156057275,283.5860765281,279.061519633,280.7926561496,85825286,0.0,1.0
2019-08-19 00:00:00+00:00,292.33,293.08,291.44,292.19,53640153,286.5265190318,287.2616296577,285.6541877557,286.3892983816,53640153,0.0,1.0
2019-08-20 00:00:00+00:00,290.09,292.36,289.95,291.77,51652752,284.330988629,286.5559234568,284.1937679789,285.9776364311,51652752,0.0,1.0
2019-08-21 00:00:00+00:00,292.45,292.86,291.72,292.48,49723430,286.6441367319,287.0459972074,285.928629056,286.673541157,49723430,0.0,1.0
2019-08-22 00:00:00+00:00,292.36,293.93,290.4,293.23,51739292,286.5559234568,288.0947550337,284.6348343544,287.4086517829,51739292,0.0,1.0
2019-08-23 00:00:00+00:00,284.85,292.76,283.47,290.92,149318151,279.1950157226,286.9479824573,277.842412171,285.1445110551,149318151,0.0,1.0
2019-08-26 00:00:00+00:00,288.0,288.0,285.58,287.27,72620598,282.2824803515,282.2824803515,279.9105233985,281.5669726756,72620598,0.0,1.0
2019-08-27 00:00:00+00:00,286.87,289.95,286.03,289.54,68262998,281.1749136751,284.1937679789,280.3515897741,283.7919075034,68262998,0.0,1.0
2019-08-28 00:00:00+00:00,288.89,289.07,285.25,286.14,58891544,283.1548116276,283.3312381778,279.5870747231,280.4594059992,58891544,0.0,1.0
2019-08-29 00:00:00+00:00,292.58,293.16,290.61,291.72,57998913,286.7715559071,287.3400414578,284.8406653297,285.928629056,57998913,0.0,1.0
2019-08-30 00:00:00+00:00,292.4527,294.2399,291.42,294.22,62831109,286.6467831302,288.3985027444,285.6345848057,288.3789978091,62831109,0.0,1.0
2019-09-03 00:00:00+00:00,290.75,291.58,289.27,290.57,69078772,284.9778859798,285.7914084059,283.527267678,284.8014594296,69078772,0.0,1.0
2019-09-04 00:00:00+00:00,293.97,294.055,292.31,293.14,46813644,288.1339609338,288.2172734714,286.5069160818,287.3204385078,46813644,0.0,1.0
2019-09-05 00:00:00+00:00,297.75,298.83,294.001,296.79,83197295,291.8389184884,292.8974777897,288.1643455063,290.8979768872,83197295,0.0,1.0
2019-09-06 00:00:00+00:00,298.05,298.76,297.42,298.17,49510922,292.1329627388,292.8288674646,291.515469813,292.2505804389,49510922,0.0,1.0
2019-09-09 00:00:00+00:00,298.2,299.24,297.16,299.14,51086154,292.2799848639,293.2993382652,291.2606314627,293.2013235151,51086154,0.0,1.0
2019-09-10 00:00:00+00:00,298.13,298.2,295.97,297.36,57698673,292.2113745389,292.2799848639,290.0942559362,291.4566609629,57698673,0.0,1.0
2019-09-11 00:00:00+00:00,300.25,300.34,297.75,298.47,68008165,294.2892872414,294.3775005166,291.8389184884,292.5446246893,68008165,0.0,1.0
2019-09-12 00:00:00+00:00,301.29,302.46,300.41,301.25,72546530,295.3086406427,296.4554132191,294.4461108416,295.2694347427,72546530,0.0,1.0
2019-09-13 00:00:00+00:00,301.09,302.17,300.68,301.78,62053458,295.1126111425,296.1711704438,294.710750667,295.7889129183,62053458,0.0,1.0
2019-09-16 00:00:00+00:00,300.16,301.1378,299.45,299.84,57934320,294.2010739663,295.159462193,293.5051692405,293.8874267659,57934320,0.0,1.0
2019-09-17 00:00:00+00:00,300.92,301.02,299.75,299.94,42770135,294.9459860673,295.0440008174,293.7992134908,293.9854415161,42770135,0.0,1.0
2019-09-18 00:00:00+00:00,301.1,301.22,298.24,300.49,73875018,295.1224126175,295.2400303176,292.319190764,294.5245226417,73875018,0.0,1.0
2019-09-19 00:00:00+00:00,301.08,302.63,300.7103,301.53,77933334,295.1028096675,296.6220382943,294.7404491363,295.543876043,77933334,0.0,1.0
2019-09-20 00:00:00+00:00,298.28,300.67,297.41,300.36,96939851,293.7145473695,296.0679661982,292.8578635281,295.7627110363,96939851,1.383619,1.0
2019-09-23 00:00:00+00:00,298.21,299.0,297.27,297.55,47134009,293.6456187846,294.4235271003,292.7200063583,292.995720698,47134009,0.0,1.0
2019-09-24 00:00:00+00:00,295.87,299.84,294.81,299.41,97160127,291.3414346595,295.2506701196,290.2976589447,294.8272516693,97160127,0.0,1.0
2019-09-25 00:00:00+00:00,297.62,298.11,294.33,295.96,73267803,293.064649283,293.5471493775,289.8250057908,291.4300571258,73267803,0.0,1.0
2019-09-26 00:00:00+00:00,297.0,297.86,295.45,297.63,58594707,292.4541389592,293.3009758599,290.9278631498,293.0744962237,58594707,0.0,1.0
2019-09-27 00:00:00+00:00,295.4,297.9465,293.69,297.83,84755721,290.8786284463,293.386151897,289.1948015856,293.2714350378,84755721,0.0,1.0
2019-09-30 00:00:00+00:00,296.77,297.55,295.92,295.97,52438861,292.227659323,292.995720698,291.390669363,291.4399040665,52438861,0.0,1.0
2019-10-01 00:00:00+00:00,293.24,298.455,293.0,297.74,89425082,288.7516892539,293.8868688319,288.5153626769,293.1828125714,89425082,0.0,1.0
2019-10-02 00:00:00+00:00,288.06,291.51,286.64,291.5,124208927,283.6509739683,287.0481685118,282.2527083881,287.0383215711,124208927,0.0,1.0
2019-10-03 00:00:00+00:00,290.42,290.45,284.82,287.81,85718095,285.9748519749,286.004392797,280.4605651797,283.4048004507,85718095,0.0,1.0
2019-10-04 00:00:00+00:00,294.35,294.63,290.82,291.14,66737063,289.8446996722,290.120414012,286.3687296031,286.6838317057,66737063,0.0,1.0
2019-10-07 00:00:00+00:00,293.08,295.26,292.77,293.47,60549809,288.5941382026,290.7407712764,288.2888830407,288.9781688901,60549809,0.0,1.0
2019-10-08 00:00:00+00:00,288.53,291.85,288.49,291.04,101367099,284.1137801815,287.3829644958,284.0743924187,286.5853622986,101367099,0.0,1.0
2019-10-09 00:00:00+00:00,291.27,292.3,288.6559,290.75,64341784,286.8118419348,287.8260768275,284.237753165,286.2998010181,64341784,0.0,1.0
2019-10-10 00:00:00+00:00,293.24,294.21,291.0,291.18,54459839,288.7516892539,289.7068425023,286.5459745358,286.7232194685,54459839,0.0,1.0
2019-10-11 00:00:00+00:00,296.28,298.74,296.1448,296.27,101099695,291.7451592284,294.167506642,291.61202859,291.7353122877,101099695,0.0,1.0
2019-10-14 00:00:00+00:00,295.95,296.67,295.57,295.93,40467320,291.4202101851,292.1291899159,291.0460264383,291.4005163037,40467320,0.0,1.0
2019-10-15 00:00:00+00:00,298.88,299.7,296.97,297.1,48123837,294.3053638119,295.1128129497,292.4245981371,292.5526083663,48123837,0.0,1.0
2019-10-16 00:00:00+00:00,298.4,299.16,297.92,298.37,50293197,293.832710658,294.5810781516,293.3600575041,293.8031698359,50293197,0.0,1.0
2019-10-17 00:00:00+00:00,299.28,300.24,298.515,299.68,46676445,294.6992414401,295.6445477478,293.9459504761,295.0931190683,46676445,0.0,1.0
2019-10-18 00:00:00+00:00,297.97,299.395,296.99,298.69,64293228,293.4092922077,294.8124812582,292.4442920185,294.1182719385,64293228,0.0,1.0
2019-10-21 00:00:00+00:00,299.99,300.21,298.935,299.42,39388285,295.3983742302,295.6150069257,294.3595219858,294.83709861,39388285,0.0,1.0
2019-10-22 00:00:00+00:00,299.01,300.9,298.91,300.58,49028214,294.433374041,296.2944458344,294.334904634,295.9793437318,49028214,0.0,1.0
2019-10-23 00:00:00+00:00,299.88,299.94,298.495,298.73,34857719,295.2900578824,295.3491395267,293.9262565947,294.1576597013,34857719,0.0,1.0
2019-10-24 00:00:00+00:00,300.37,301.07,299.4601,300.91,35688865,295.772557977,296.4618438264,294.8765848422,296.3042927751,35688865,0.0,1.0
2019-10-25 00:00:00+00:00,301.6,302.2,299.6806,299.74,45145150,296.9837316838,297.5745481262,295.0937098848,295.1522007126,45145150,0.0,1.0
2019-10-28 00:00:00+00:00,303.3,303.85,302.91,302.94,40174540,298.6577116038,299.1992933426,298.2736809163,298.3032217384,40174540,0.0,1.0
2019-10-29 00:00:00+00:00,303.21,304.23,302.86,303.0001,44201626,298.5690891374,299.5734770894,298.2244462127,298.362401852,44201626,0.0,1.0
2019-10-30 00:00:00+00:00,304.14,304.55,301.99,303.43,49542312,299.4848546231,299.888579192,297.3677623713,298.785721833,49542312,0.0,1.0
2019-10-31 00:00:00+00:00,303.33,304.13,301.73,304.13,68955393,298.6872524259,299.4750076824,297.111741913,299.4750076824,68955393,0.0,1.0
2019-11-01 00:00:00+00:00,306.14,306.19,304.74,304.916,71071915,301.4542427642,301.5034774677,300.0756710654,300.2489772218,71071915,0.0,1.0
2019-11-04 00:00:00+00:00,307.37,308.0,306.96,307.85,60270655,302.665416471,303.2857737355,302.2616919021,303.1380696249,60270655,0.0,1.0
2019-11-05 00:00:00+00:00,307.03,307.9195,306.71,307.59,42809998,302.330620487,303.2065058628,302.0155183844,302.8820491665,42809998,0.0,1.0
2019-11-06 00:00:00+00:00,307.1,307.4,306.06,307.03,46402927,302.399549072,302.6949572931,301.3754672386,302.330620487,46402927,0.0,1.0
2019-11-07 00:00:00+00:00,308.18,309.65,307.66,308.5758,53823043,303.4630186682,304.9105189519,302.9509777515,303.8527605813,53823043,0.0,1.0
2019-11-08 00:00:00+00:00,308.94,309.0036,307.03,307.8,49019213,304.2113861618,304.2740127047,302.330620487,303.0888349214,49019213,0.0,1.0
2019-11-11 00:00:00+00:00,308.35,308.54,307.27,307.42,35775777,303.6304166602,303.8175085336,302.566947064,302.7146511745,35775777,0.0,1.0
2019-11-12 00:00:00+00:00,309.0,309.99,308.15,308.75,46141997,304.270467806,305.2453149359,303.4334778461,304.0242942884,46141997,0.0,1.0
2019-11-13 00:00:00+00:00,309.1,309.54,307.66,307.91,54261698,304.3689372131,304.8022026041,302.9509777515,303.1971512691,54261698,0.0,1.0
2019-11-14 00:00:00+00:00,309.55,309.64,308.09,308.79,51148052,304.8120495449,304.9006720112,303.3743962018,304.0636820512,51148052,0.0,1.0
2019-11-15 00:00:00+00:00,311.79,311.84,310.26,311.02,61990853,307.0177642629,307.0669989665,305.511182335,306.2595498286,61990853,0.0,1.0
2019-11-18 00:00:00+00:00,312.02,312.28,311.03,311.53,49285964,307.2442438992,307.5002643575,306.2693967693,306.7617438046,49285964,0.0,1.0
2019-11-19 00:00:00+00:00,311.93,312.69,311.22,312.68,67663099,307.1556214328,307.9039889264,306.4564886427,307.8941419857,67663099,0.0,1.0
2019-11-20 00:00:00+00:00,310.77,311.85,309.06,311.28,79200298,306.0133763109,307.0768459072,304.3295494503,306.5155702869,79200298,0.0,1.0
2019-11-21 00:00:00+00:00,310.27,311.01,309.39,310.89,54403450,305.5210292757,306.2497028879,304.6544984936,306.1315395994,54403450,0.0,1.0
2019-11-22 00:00:00+00:00,310.96,311.24,309.85,311.09,44803329,306.2004681844,306.4761825241,305.107457766,306.3284784135,44803329,0.0,1.0
2019-11-25 00:00:00+00:00,313.37,313.37,311.98,311.98,48606151,308.5735808944,308.5735808944,307.2048561363,307.2048561363,48606151,0.0,1.0
2019-11-26 00:00:00+00:00,314.08,314.28,313.06,313.41,37515200,309.2727136845,309.4696524986,308.2683257326,308.6129686573,37515200,0.0,1.0
2019-11-27 00:00:00+00:00,315.48,315.48,314.37,314.61,44260649,310.6512853833,310.6512853833,309.558274965,309.7946015419,44260649,0.0,1.0
2019-11-29 00:00:00+00:00,314.31,315.13,314.06,314.86,36592740,309.4991933208,310.3066424586,309.2530198031,310.0407750596,36592740,0.0,1.0
2019-12-02 00:00:00+00:00,311.64,314.66,311.17,314.59,75719967,306.8700601523,309.8438362455,306.4072539392,309.7749076605,75719967,0.0,1.0
2019-12-03 00:00:00+00:00,309.55,309.64,307.13,308.65,74784721,304.8120495449,304.9006720112,302.4290898941,303.9258248813,74784721,0.0,1.0
2019-12-04 00:00:00+00:00,311.46,312.12,310.32,310.7,49007961,306.6928152196,307.3427133062,305.5702639792,305.944447726,49007961,0.0,1.0
2019-12-05 00:00:00+00:00,312.02,312.25,310.58,312.23,40657041,307.2442438992,307.4707235354,305.8262844375,307.451029654,40657041,0.0,1.0
2019-12-06 00:00:00+00:00,314.87,315.31,314.11,314.11,48926121,310.0506220003,310.4838873913,309.3022545066,309.3022545066,48926121,0.0,1.0
2019-12-09 00:00:00+00:00,313.88,315.18,313.8,314.44,34788380,309.0757748704,310.3558771622,308.9969993448,309.6272035499,34788380,0.0,1.0
2019-12-10 00:00:00+00:00,313.53,314.55,312.81,313.82,52609340,308.7311319457,309.7355198977,308.0221522149,309.0166932262,52609340,0.0,1.0
2019-12-11 00:00:00+00:00,314.42,314.7,313.5312,314.03,46889653,309.6075096685,309.8832240083,308.7323135786,309.223478981,46889653,0.0,1.0
2019-12-12 00:00:00+00:00,317.13,317.99,314.17,314.43,96035635,312.2760305998,313.1228675005,309.3613361509,309.6173566092,96035635,0.0,1.0
2019-12-13 00:00:00+00:00,317.32,318.67,316.02,316.87,81489263,312.4631224732,313.7924594684,311.1830201814,312.0200101414,81489263,0.0,1.0
2019-12-16 00:00:00+00:00,319.5,320.15,317.2542,319.18,82723814,314.609755547,315.2498066929,312.3983296033,314.2946534444,82723814,0.0,1.0
2019-12-17 00:00:00+00:00,319.57,320.25,319.48,319.92,61062693,314.678684132,315.3482760999,314.5900616656,315.0233270567,61062693,0.0,1.0
2019-12-18 00:00:00+00:00,319.59,320.25,319.53,320.0,48721894,314.6983780134,315.3482760999,314.6392963691,315.1021025823,48721894,0.0,1.0
2019-12-19 00:00:00+00:00,320.9,320.98,319.5246,319.7999,85248597,315.9883272458,316.0671027715,314.6339790212,314.9050652988,85248597,0.0,1.0
2019-12-20 00:00:00+00:00,320.73,321.9742,319.3873,320.46,149214080,317.3668989446,318.5980525494,316.0382781882,317.0997301026,149214080,1.57,1.0
2019-12-23 00:00:00+00:00,321.22,321.65,321.06,321.59,52980805,317.8517609172,318.2772520361,317.6934386405,318.2178811823,52980805,0.0,1.0
2019-12-24 00:00:00+00:00,321.23,321.52,320.9,321.47,20270007,317.8616560595,318.1486151862,317.5351163637,318.0991394747,20270007,0.0,1.0
2019-12-26 00:00:00+00:00,322.94,322.95,321.64,321.65,30854382,319.5537253926,319.5636205349,318.2673568938,318.2772520361,30854382,0.0,1.0
2019-12-27 00:00:00+00:00,322.86,323.8,322.28,323.74,42523486,319.4745642542,320.4047076303,318.9006460009,320.3453367765,42523486,0.0,1.0
2019-12-30 00:00:00+00:00,321.08,323.1,320.55,322.95,49652827,317.7132289251,319.7120476694,317.1887863832,319.5636205349,49652827,0.0,1.0
2019-12-31 00:00:00+00:00,321.86,322.13,320.15,320.53,57059907,318.4850500244,318.7522188664,316.7929806913,317.1689960986,57059907,0.0,1.0
2020-01-02 00:00:00+00:00,324.87,324.89,322.53,323.54,59037072,321.4634878563,321.4832781409,319.1480245584,320.1474339305,59037072,0.0,1.0
2020-01-03 00:00:00+00:00,322.41,323.64,321.1,321.16,77708081,319.0292828508,320.2463853535,317.7330192097,317.7923900635,77708081,0.0,1.0
2020-01-06 00:00:00+00:00,323.64,323.73,320.36,320.49,55596982,320.2463853535,320.3354416342,317.0007786796,317.1294155294,55596982,0.0,1.0
2020-01-07 00:00:00+00:00,322.73,323.54,322.24,323.02,40461249,319.3459274043,320.1474339305,318.8610654317,319.632886531,40461249,0.0,1.0
2020-01-08 00:00:00+00:00,324.45,325.78,322.67,322.94,68177241,321.0478918797,322.3639458054,319.2865565506,319.5537253926,68177241,0.0,1.0
2020-01-09 00:00:00+00:00,326.65,326.73,325.52,326.15,48421935,323.2248231854,323.3039843238,322.1066721057,322.7300660705,48421935,0.0,1.0
2020-01-10 00:00:00+00:00,325.71,327.46,325.2,327.2899,53028660,322.2946798093,324.0263297116,321.7900275521,323.8580133411,53028660,0.0,1.0
2020-01-13 00:00:00+00:00,327.95,327.96,325.92,326.39,47026115,324.5111916842,324.5210868265,322.5024777976,322.9675494857,47026115,0.0,1.0
2020-01-14 00:00:00+00:00,327.45,328.62,326.844,327.47,62784185,324.0164345693,325.1741662182,323.416788946,324.0362248539,62784185,0.0,1.0
2020-01-15 00:00:00+00:00,328.19,329.02,327.26,327.35,71870739,324.7486750994,325.5699719102,323.8284268656,323.9174831463,71870739,0.0,1.0
2020-01-16 00:00:00+00:00,330.92,330.92,329.45,329.7,53788867,327.4500489469,327.4500489469,325.995463029,326.2428415865,53788867,0.0,1.0
2020-01-17 00:00:00+00:00,331.95,332.18,330.8539,331.7,95778839,328.4692486037,328.6968368766,327.3846420563,328.2218700462,95778839,0.0,1.0
2020-01-21 00:00:00+00:00,331.3,332.18,330.82,330.9,77624157,327.8260643543,328.6968368766,327.351097524,327.4302586623,77624157,0.0,1.0
2020-01-22 00:00:00+00:00,331.34,332.95,331.17,332.24,48705035,327.8656449235,329.4587628336,327.6974275044,328.7562077304,48705035,0.0,1.0
2020-01-23 00:00:00+00:00,331.72,332.1682,329.41,330.63,51828259,328.2416603308,328.6851606087,325.9558824598,327.1630898203,51828259,0.0,1.0
2020-01-24 00:00:00+00:00,328.77,332.53,327.36,332.44,87465785,325.3225933527,329.043166857,323.9273782886,328.9541105763,87465785,0.0,1.0
2020-01-27 00:00:00+00:00,323.5,325.12,322.66,323.03,83797934,320.1078533613,321.7108664137,319.2766614083,319.6427816733,83797934,0.0,1.0
2020-01-28 00:00:00+00:00,326.89,327.85,323.6038,325.06,63519891,323.4623066006,324.4122402613,320.2105649384,321.6514955599,63519891,0.0,1.0
2020-01-29 00:00:00+00:00,326.62,328.63,326.4,328.38,53714641,323.1951377585,325.1840613605,322.9774446279,324.9366828031,53714641,0.0,1.0
2020-01-30 00:00:00+00:00,327.68,327.91,323.54,324.36,75184385,324.2440228422,324.471611115,320.1474339305,320.958835599,75184385,0.0,1.0
2020-01-31 00:00:00+00:00,321.73,327.17,320.73,327.0,113659402,318.3564131745,323.7393705849,317.3668989446,323.5711531659,113659402,0.0,1.0
2020-02-03 00:00:00+00:00,324.12,326.16,323.22,323.35,68931216,320.7213521839,322.7399612128,319.830789377,319.9594262269,68931216,0.0,1.0
2020-02-04 00:00:00+00:00,329.06,330.01,327.72,328.07,61704740,325.6095524794,326.5495909978,324.2836034114,324.6299333918,61704740,0.0,1.0
2020-02-05 00:00:00+00:00,332.86,333.09,330.67,332.2701,64864742,329.3697065529,329.5972948257,327.2026703895,328.7859921087,64864742,0.0,1.0
2020-02-06 00:00:00+00:00,333.98,334.19,332.8,333.91,49982975,330.4779624903,330.6857604786,329.3103356991,330.4086964942,49982975,0.0,1.0
2020-02-07 00:00:00+00:00,332.2,333.9941,331.6,332.82,64074382,328.7166271612,330.491914641,328.1229186232,329.3301259837,64074382,0.0,1.0
2020-02-10 00:00:00+00:00,334.68,334.75,331.19,331.23,41779456,331.1706224512,331.2398884473,327.717217789,327.7567983582,41779456,0.0,1.0
2020-02-11 00:00:00+00:00,335.26,337.02,334.684,336.1697,54773045,331.7445407046,333.4860857491,331.1745805082,332.6447017995,54773045,0.0,1.0
2020-02-12 00:00:00+00:00,337.42,337.65,336.43,336.83,42844434,333.8818914411,334.1094797139,332.9022723535,333.2980780454,42844434,0.0,1.0
2020-02-13 00:00:00+00:00,337.06,338.12,335.56,335.8621,54038002,333.5256663183,334.574551402,332.0413949735,332.3403272224,54038002,0.0,1.0
2020-02-14 00:00:00+00:00,337.6,337.73,336.2,337.51,64518123,334.0600040024,334.1886408523,332.6746840806,333.9709477218,64518123,0.0,1.0
2020-02-18 00:00:00+00:00,336.73,337.6677,335.21,336.51,57195407,333.1991266225,334.1269941158,331.6950649931,332.9814334919,57195407,0.0,1.0
2020-02-19 00:00:00+00:00,338.34,339.08,337.48,337.79,48587393,334.7922445325,335.5244850626,333.9412622949,334.2480117061,48587393,0.0,1.0
2020-02-20 00:00:00+00:00,336.95,338.64,333.6817,337.7423,73891268,333.416819753,335.0890988015,330.1827903956,334.2008118773,73891268,0.0,1.0
2020-02-21 00:00:00+00:00,333.48,335.81,332.58,335.47,113656552,329.9832053754,332.288773531,329.0926425685,331.9523386928,113656552,0.0,1.0
2020-02-24 00:00:00+00:00,322.42,333.5623,321.24,323.14,160991237,319.0391779931,330.0646423965,317.8715512018,319.7516282386,160991237,0.0,1.0
2020-02-25 00:00:00+00:00,312.65,324.61,311.69,323.94,217564684,309.3716239673,321.2062141565,308.4216903066,320.5432396225,217564684,0.0,1.0
2020-02-26 00:00:00+00:00,311.5,318.11,310.7,314.18,192818004,308.233682603,314.7743716624,307.4420712191,310.885580739,192818004,0.0,1.0
2020-02-27 00:00:00+00:00,297.51,311.5637,297.51,305.46,282544492,294.3903785271,308.2967146594,294.3903785271,302.2570166546,282544492,0.0,1.0
2020-02-28 00:00:00+00:00,296.26,297.892,285.54,288.7,384911854,293.1534857398,294.768372963,282.5458931957,285.672758162,384911854,0.0,1.0
2020-03-02 00:00:00+00:00,309.09,309.16,294.46,298.21,237377617,305.848953309,305.9182193051,291.3723601261,295.0830384881,237377617,0.0,1.0
2020-03-03 00:00:00+00:00,300.24,313.84,297.57,309.5,298851919,297.0917523747,310.5491459008,294.4497493809,306.2546541432,298851919,0.0,1.0
2020-03-04 00:00:00+00:00,312.86,313.1,303.33,306.12,175893889,309.5794219556,309.8169053707,300.149351345,302.9100960463,175893889,0.0,1.0
2020-03-05 00:00:00+00:00,302.46,308.47,300.01,304.98,185533970,299.288473965,305.2354544865,296.8641641018,301.7820498242,185533970,0.0,1.0
2020-03-06 00:00:00+00:00,297.46,298.78,290.23,293.15,228315219,294.3409028157,295.6470615991,287.1867149337,290.0760964849,228315219,0.0,1.0
2020-03-09 00:00:00+00:00,274.23,284.19,273.45,275.3,305980554,271.3544872559,281.2100489853,270.5826661566,272.4132674818,305980554,0.0,1.0
2020-03-10 00:00:00+00:00,288.42,288.52,273.5,284.64,274894230,285.3956941777,285.4946456007,270.6321418681,281.6553303888,274894230,0.0,1.0
2020-03-11 00:00:00+00:00,274.36,281.94,270.88,280.7,254604444,271.4831241058,278.9836419681,268.0396145858,277.7566443231,254604444,0.0,1.0
2020-03-12 00:00:00+00:00,248.11,266.66,247.68,256.0,389612072,245.5083755718,263.8638645358,245.082884453,253.3156428454,389612072,0.0,1.0
2020-03-13 00:00:00+00:00,269.32,271.4754,248.5237,263.09,326142197,266.4959723873,268.6287713583,245.9177376087,260.3312987352,326142197,0.0,1.0
2020-03-16 00:00:00+00:00,239.85,256.9,237.36,241.18,295019288,237.3349880331,254.2062056523,234.8710976008,238.6510419588,295019288,0.0,1.0
2020-03-17 00:00:00+00:00,252.8,256.17,237.07,245.04,260566279,250.1491973099,253.4838602645,234.5841384741,242.4705668861,260566279,0.0,1.0
2020-03-18 00:00:00+00:00,240.0,248.37,228.02,236.25,324845381,237.4834151676,245.7656492716,225.6290346938,233.7727368056,324845381,0.0,1.0
2020-03-19 00:00:00+00:00,240.51,247.38,232.22,239.25,288124389,237.9880674248,244.786030184,229.7849944593,236.7412794952,288124389,0.0,1.0
2020-03-20 00:00:00+00:00,228.8,244.47,228.5,242.53,344276957,227.7916764245,243.3926185992,227.4929985271,241.461168196,344276957,1.405559,1.0
2020-03-23 00:00:00+00:00,222.95,229.6833,218.26,228.19,323100167,221.967457425,228.6710837138,217.2981262955,227.1843646998,323100167,0.0,1.0
2020-03-24 00:00:00+00:00,243.15,244.1,233.8,234.42,233038623,242.0784358506,243.0242491924,232.7696413814,233.386909036,233038623,0.0,1.0
2020-03-25 00:00:00+00:00,246.79,256.35,239.75,244.87,297989659,245.7023943392,255.2202633367,238.69341968,243.7908557958,297989659,0.0,1.0
2020-03-26 00:00:00+00:00,261.2,262.8,249.05,249.52,256107410,260.0488893448,261.641838131,247.9524344997,248.4203632056,256107410,0.0,1.0
2020-03-27 00:00:00+00:00,253.42,260.81,251.05,253.27,223871285,252.303175872,259.6606080782,249.9436204824,252.1538369233,223871285,0.0,1.0
2020-03-30 00:00:00+00:00,261.65,262.43,253.53,255.7,171274407,260.4969061909,261.2734687242,252.412691101,254.5731278923,171274407,0.0,1.0
2020-03-31 00:00:00+00:00,257.75,263.33,256.22,260.56,193290928,256.6140935246,262.1695024164,255.0908362478,259.4117098303,193290928,0.0,1.0
2020-04-01 00:00:00+00:00,246.15,257.6591,243.9,247.98,188373330,245.0652148247,256.5235941217,242.8251305942,246.8871499989,188373330,0.0,1.0
2020-04-02 00:00:00+00:00,251.83,252.68,244.59,245.19,176669824,250.7201830157,251.5664370584,243.5120897582,244.109445553,176669824,0.0,1.0
2020-04-03 00:00:00+00:00,248.19,253.32,245.22,250.76,134538553,247.0962245271,252.2036165728,244.1393133428,249.6548985149,134538553,0.0,1.0
2020-04-06 00:00:00+00:00,264.86,267.0,248.1698,257.84,186692564,263.6927596932,265.8233286947,247.0761135487,256.7036968938,186692564,0.0,1.0
2020-04-07 00:00:00+00:00,265.13,275.03,264.89,274.21,199187791,263.9615698009,273.8179404154,263.7226274829,273.0015541625,199187791,0.0,1.0
2020-04-08 00:00:00+00:00,274.03,276.0,265.2542,267.96,152670223,272.822347424,274.783665617,264.0852224504,266.7790979664,152670223,0.0,1.0
2020-04-09 00:00:00+00:00,278.2,281.2,275.47,277.57,189948139,276.973970198,279.9607491721,274.2560013316,276.3467466135,189948139,0.0,1.0
2020-04-13 00:00:00+00:00,275.66,277.51,271.41,277.14,114353986,274.4451639999,276.287011034,270.2138937866,275.9186416272,114353986,0.0,1.0
2020-04-14 00:00:00+00:00,283.79,284.9,275.5106,280.98,133510280,282.5393350198,283.6444432402,274.296422407,279.741718714,133510280,0.0,1.0
2020-04-15 00:00:00+00:00,277.76,283.9407,275.46,277.57,121155983,276.5359092818,282.6893708835,274.2460454017,276.3467466135,121155983,0.0,1.0
2020-04-16 00:00:00+00:00,279.1,280.03,275.76,279.15,126144324,277.8700038902,278.7959053722,274.5447232991,277.9197835398,126144324,0.0,1.0
2020-04-17 00:00:00+00:00,286.64,287.3,282.4,285.38,146455688,285.3767750451,286.0338664194,281.1554607618,284.122327876,146455688,0.0,1.0
2020-04-20 00:00:00+00:00,281.59,286.7912,281.35,282.61,99323028,280.3490304387,285.5273087054,280.1100881208,281.3645352899,99323028,0.0,1.0
2020-04-21 00:00:00+00:00,273.04,278.04,272.02,276.73,125772551,271.8367103626,276.8146753194,270.8212055114,275.5104485007,125772551,0.0,1.0
2020-04-22 00:00:00+00:00,279.1,281.0,276.91,278.35,92831657,277.8700038902,279.7616305738,275.6896552392,277.1233091467,92831657,0.0,1.0
2020-04-23 00:00:00+00:00,279.08,283.94,278.75,280.49,103685412,277.8500920304,282.6886739685,277.5215463433,279.2538781482,103685412,0.0,1.0
2020-04-24 00:00:00+00:00,282.97,283.7,278.5,280.73,85042563,281.7229487668,282.4497316505,277.2726480954,279.4928204662,85042563,0.0,1.0
2020-04-27 00:00:00+00:00,287.05,288.27,284.62,285.12,77516422,285.7849681716,286.9995916211,283.3656772026,283.8634736983,77516422,0.0,1.0
2020-04-28 00:00:00+00:00,285.73,291.4,285.4,291.02,104797847,284.470785423,290.115797684,284.1422397359,289.7374723473,104797847,0.0,1.0
2020-04-29 00:00:00+00:00,293.21,294.88,290.41,291.53,118066585,291.9178209984,293.580461294,289.1301606226,290.2452247729,118066585,0.0,1.0
2020-04-30 00:00:00+00:00,290.48,293.3239,288.59,291.71,121537052,289.199852132,292.0312190401,287.3181813783,290.4244315114,121537052,0.0,1.0
2020-05-01 00:00:00+00:00,282.79,290.6572,281.52,285.31,125045778,281.5437420284,289.3762712101,280.2793389293,284.0526363666,125045778,0.0,1.0
2020-05-04 00:00:00+00:00,283.57,283.9,279.13,280.74,80462952,282.3203045617,282.6488502488,277.89987168,279.5027763961,80462952,0.0,1.0
2020-05-05 00:00:00+00:00,286.19,289.25,283.7134,286.64,79199214,284.928758199,287.9752727526,282.4630725966,285.3767750451,79199214,0.0,1.0
2020-05-06 00:00:00+00:00,284.25,288.46,283.78,288.04,72980387,282.9973077958,287.1887542894,282.5293790898,286.7706052331,72980387,0.0,1.0
2020-05-07 00:00:00+00:00,287.68,289.78,287.13,287.75,74788296,286.4121917562,288.502937038,285.8646156109,286.4818832656,74788296,0.0,1.0
2020-05-08 00:00:00+00:00,292.44,292.95,289.86,291.09,76446082,291.1512143951,291.6589668207,288.5825844773,289.8071638567,76446082,0.0,1.0
2020-05-11 00:00:00+00:00,292.5,294.0,289.88,290.34,78982891,291.2109499745,292.7043394616,288.6024963372,289.0604691132,78982891,0.0,1.0
2020-05-12 00:00:00+00:00,286.67,294.24,286.52,293.79,94484342,285.4066428349,292.9432817795,285.2573038862,292.4952649334,94484342,0.0,1.0
2020-05-13 00:00:00+00:00,281.6,287.19,278.965,286.06,144035915,280.3589863687,285.9243511904,277.7355988364,284.7993311102,144035915,0.0,1.0
2020-05-14 00:00:00+00:00,284.97,285.11,272.99,278.95,121473094,283.7141347496,283.8535177684,271.786930713,277.7206649415,121473094,0.0,1.0
2020-05-15 00:00:00+00:00,286.28,286.33,281.34,282.37,111015834,285.0183615683,285.0681412178,280.1001321909,281.125592972,111015834,0.0,1.0
2020-05-18 00:00:00+00:00,295.0,296.75,292.7,293.05,119719465,293.699932453,295.4422201879,291.4100685728,291.7585261198,119719465,0.0,1.0
2020-05-19 00:00:00+00:00,291.97,296.205,291.95,294.35,94317356,290.6832856891,294.8996220076,290.6633738293,293.0527970086,94317356,0.0,1.0
2020-05-20 00:00:00+00:00,296.93,297.87,295.57,295.8,85279592,295.6214269263,296.5572843382,294.267420458,294.4964068461,85279592,0.0,1.0
2020-05-21 00:00:00+00:00,294.88,297.67,293.6886,296.79,77863922,293.580461294,296.3581657399,292.3943118041,295.4820439075,77863922,0.0,1.0
2020-05-22 00:00:00+00:00,295.44,295.63,293.22,294.55,63697627,294.1379933692,294.3271560375,291.9277769283,293.2519156068,63697627,0.0,1.0
2020-05-26 00:00:00+00:00,299.08,302.19,295.4646,301.93,88604807,297.7619518577,300.8582460609,294.1624849568,300.5993918831,88604807,0.0,1.0
2020-05-27 00:00:00+00:00,303.53,303.57,296.87,302.12,104086252,302.1923406693,302.232164389,295.5616913468,300.7885545515,104086252,0.0,1.0
2020-05-28 00:00:00+00:00,302.97,306.84,302.24,304.65,90232213,301.6348085942,305.4877534707,300.9080257105,303.3074048196,90232213,0.0,1.0
2020-05-29 00:00:00+00:00,304.32,304.96,299.47,302.4519,119067393,302.9788591325,303.616038647,298.1502331244,301.1189918653,119067393,0.0,1.0
2020-06-01 00:00:00+00:00,305.55,306.205,303.06,303.62,55696013,304.2034385119,304.8555519212,301.7244119634,302.2819440385,55696013,0.0,1.0
2020-06-02 00:00:00+00:00,308.08,308.13,305.1,306.55,73635043,306.72228878,306.7720684296,303.7554216658,305.1990315032,73635043,0.0,1.0
2020-06-03 00:00:00+00:00,312.18,313.22,309.94,310.24,91750087,310.8042200446,311.8396367557,308.574091744,308.8727696414,91750087,0.0,1.0
2020-06-04 00:00:00+00:00,311.36,313.0,309.08,311.11,75471787,309.9878337917,311.6206062976,307.7178817714,309.7389355439,75471787,0.0,1.0
2020-06-05 00:00:00+00:00,319.34,321.275,317.16,317.23,150302461,317.9326658628,319.8591383011,315.7622731416,315.831964651,150302461,0.0,1.0
2020-06-08 00:00:00+00:00,323.2,323.41,319.63,320.22,73310274,321.7756548095,321.9847293377,318.2213878303,318.8087876952,73310274,0.0,1.0
2020-06-09 00:00:00+00:00,320.79,323.2849,319.36,320.3,77174695,319.3762757003,321.8601806545,317.9525777226,318.8884351345,77174695,0.0,1.0
2020-06-10 00:00:00+00:00,319.0,322.39,318.2209,321.42,93944722,317.5941642457,320.9692244865,316.8184977462,320.0034992849,93944722,0.0,1.0
2020-06-11 00:00:00+00:00,300.61,312.15,300.01,311.46,208285190,299.2852091345,310.7743522549,298.6878533397,310.0873930908,208285190,0.0,1.0
2020-06-12 00:00:00+00:00,304.21,309.08,298.6,308.24,194450402,302.8693439034,307.7178817714,297.2840672219,306.8815836586,194450402,0.0,1.0
2020-06-15 00:00:00+00:00,307.05,308.28,296.74,298.02,134968796,305.6968279989,306.9214073783,295.4322642579,296.7066232869,134968796,0.0,1.0
2020-06-16 00:00:00+00:00,312.96,315.64,307.67,315.48,137048347,311.5807825779,314.2489717948,306.3140956536,314.0896769161,137048347,0.0,1.0
2020-06-17 00:00:00+00:00,311.66,314.39,310.86,314.07,82814592,310.2865116891,313.0044805556,309.490037296,312.6858907983,82814592,0.0,1.0
2020-06-18 00:00:00+00:00,311.78,312.3,309.51,310.005,80355844,310.4059828481,310.9236912036,308.1459867577,308.6388052884,80355844,0.0,1.0
2020-06-19 00:00:00+00:00,308.64,314.38,306.53,314.17,135211345,308.64,314.38,306.53,314.17,135211345,1.3662,1.0
2020-06-22 00:00:00+00:00,310.62,311.05,306.75,307.99,74007212,310.62,311.05,306.75,307.99,74007212,0.0,1.0
2020-06-23 00:00:00+00:00,312.05,314.5,311.6101,313.4801,68066900,312.05,314.5,311.6101,313.4801,68066900,0.0,1.0
2020-06-24 00:00:00+00:00,304.09,310.51,302.1,309.84,132067392,304.09,310.51,302.1,309.84,132067392,0.0,1.0
2020-06-25 00:00:00+00:00,307.35,307.64,301.28,303.47,88966079,307.35,307.64,301.28,303.47,88966079,0.0,1.0
2020-06-26 00:00:00+00:00,300.05,306.39,299.42,306.16,127811745,300.05,306.39,299.42,306.16,127811745,0.0,1.0
2020-06-29 00:00:00+00:00,304.46,304.61,298.93,301.41,79773260,304.46,304.61,298.93,301.41,79773260,0.0,1.0
2020-06-30 00:00:00+00:00,308.36,310.2,303.82,303.99,112828251,308.36,310.2,303.82,303.99,112828251,0.0,1.0
2020-07-01 00:00:00+00:00,310.52,311.89,309.07,309.57,71910372,310.52,311.89,309.07,309.57,71910372,0.0,1.0
2020-07-02 00:00:00+00:00,312.23,315.7,311.51,314.24,69214995,312.23,315.7,311.51,314.24,69214995,0.0,1.0
2020-07-06 00:00:00+00:00,317.05,317.68,315.56,316.37,61149258,317.05,317.68,315.56,316.37,61149258,0.0,1.0
2020-07-07 00:00:00+00:00,313.78,317.52,313.37,315.38,82583406,313.78,317.52,313.37,315.38,82583406,0.0,1.0
2020-07-08 00:00:00+00:00,316.18,316.3,312.7,314.61,54202602,316.18,316.3,312.7,314.61,54202602,0.0,1.0
2020-07-09 00:00:00+00:00,314.38,317.1,310.68,316.84,83079092,314.38,317.1,310.68,316.84,83079092,0.0,1.0
2020-07-10 00:00:00+00:00,317.59,317.88,312.76,314.31,57454436,317.59,317.88,312.76,314.31,57454436,0.0,1.0
2020-07-13 00:00:00+00:00,314.84,322.71,314.13,320.13,102549097,314.84,322.71,314.13,320.13,102549097,0.0,1.0
2020-07-14 00:00:00+00:00,318.92,319.76,312.0,313.3,92791839,318.92,319.76,312.0,313.3,92791839,0.0,1.0
2020-07-15 00:00:00+00:00,321.85,323.04,319.27,322.41,86921534,321.85,323.04,319.27,322.41,86921534,0.0,1.0
2020-07-16 00:00:00+00:00,320.79,321.28,319.09,319.79,54433414,320.79,321.28,319.09,319.79,54433414,0.0,1.0
2020-07-17 00:00:00+00:00,321.72,322.57,319.74,321.88,64421802,321.72,322.57,319.74,321.88,64421802,0.0,1.0
2020-07-20 00:00:00+00:00,324.32,325.13,320.62,321.43,56150230,324.32,325.13,320.62,321.43,56150230,0.0,1.0
2020-07-21 00:00:00+00:00,325.01,326.93,323.94,326.45,57245315,325.01,326.93,323.94,326.45,57245315,0.0,1.0
2020-07-22 00:00:00+00:00,326.86,327.2,324.5,324.62,57792915,326.86,327.2,324.5,324.62,57792915,0.0,1.0
2020-07-23 00:00:00+00:00,322.96,327.23,321.48,326.47,75737989,322.96,327.23,321.48,326.47,75737989,0.0,1.0
2020-07-24 00:00:00+00:00,320.88,321.99,319.246,320.95,73766597,320.88,321.99,319.246,320.95,73766597,0.0,1.0
2020-07-27 00:00:00+00:00,323.22,323.41,320.775,321.63,48292970,323.22,323.41,320.775,321.63,48292970,0.0,1.0
2020-07-28 00:00:00+00:00,321.17,323.64,320.85,322.43,57494979,321.17,323.64,320.85,322.43,57494979,0.0,1.0
2020-07-29 00:00:00+00:00,325.12,325.73,322.075,322.12,48454159,325.12,325.73,322.075,322.12,48454159,0.0,1.0
2020-07-30 00:00:00+00:00,323.96,324.41,319.64,321.9,61861714,323.96,324.41,319.64,321.9,61861714,0.0,1.0
2020-07-31 00:00:00+00:00,326.52,326.63,321.33,325.9,85210755,326.52,326.63,321.33,325.9,85210755,0.0,1.0
2020-08-03 00:00:00+00:00,328.79,329.62,327.73,328.32,53077948,328.79,329.62,327.73,328.32,53077948,0.0,1.0
2020-08-04 00:00:00+00:00,330.06,330.06,327.86,327.86,41917893,330.06,330.06,327.86,327.86,41917893,0.0,1.0
2020-08-05 00:00:00+00:00,332.11,332.39,331.18,331.47,42866354,332.11,332.39,331.18,331.47,42866354,0.0,1.0
2020-08-06 00:00:00+00:00,334.33,334.46,331.13,331.4799,43679447,334.33,334.46,331.13,331.4799,43679447,0.0,1.0
2020-08-07 00:00:00+00:00,334.57,334.88,332.3,333.28,57308270,334.57,334.88,332.3,333.28,57308270,0.0,1.0
2020-08-10 00:00:00+00:00,335.57,335.77,332.955,335.06,44282089,335.57,335.77,332.955,335.06,44282089,0.0,1.0
2020-08-11 00:00:00+00:00,332.8,337.54,332.01,336.85,69601087,332.8,337.54,332.01,336.85,69601087,0.0,1.0
2020-08-12 00:00:00+00:00,337.44,338.28,332.8377,335.44,53826128,337.44,338.28,332.8377,335.44,53826128,0.0,1.0
2020-08-13 00:00:00+00:00,336.83,338.2514,335.83,336.61,41816146,336.83,338.2514,335.83,336.61,41816146,0.0,1.0
2020-08-14 00:00:00+00:00,336.84,337.42,335.62,336.41,47260390,336.84,337.42,335.62,336.41,47260390,0.0,1.0
2020-08-17 00:00:00+00:00,337.91,338.34,336.8517,337.94,34496002,337.91,338.34,336.8517,337.94,34496002,0.0,1.0
2020-08-18 00:00:00+00:00,338.64,339.1,336.61,338.34,38733908,338.64,339.1,336.61,338.34,38733908,0.0,1.0
2020-08-19 00:00:00+00:00,337.23,339.61,336.62,339.05,68054244,337.23,339.61,336.62,339.05,68054244,0.0,1.0
2020-08-20 00:00:00+00:00,338.28,338.8,335.22,335.36,42207826,338.28,338.8,335.22,335.36,42207826,0.0,1.0
2020-08-21 00:00:00+00:00,339.48,339.72,337.55,337.92,55106628,339.48,339.72,337.55,337.92,55106628,0.0,1.0
2020-08-24 00:00:00+00:00,342.92,343.0,339.4504,342.12,48588662,342.92,343.0,339.4504,342.12,48588662,0.0,1.0
2020-08-25 00:00:00+00:00,344.12,344.21,342.27,343.53,38463381,344.12,344.21,342.27,343.53,38463381,0.0,1.0
2020-08-26 00:00:00+00:00,347.57,347.86,344.17,344.76,50790237,347.57,347.86,344.17,344.76,50790237,0.0,1.0
2020-08-27 00:00:00+00:00,348.33,349.9,346.53,348.51,58034142,348.33,349.9,346.53,348.51,58034142,0.0,1.0
2020-08-28 00:00:00+00:00,350.58,350.72,348.15,349.44,48588940,350.58,350.72,348.15,349.44,48588940,0.0,1.0
